entry_date,exit_date,type,entry_price,exit_price,pnl,pnl_pct,net_pnl,capital
2012-04-17,2012-04-23,long,1649.26,1637.77,-11.490000000000009,-0.6966760850320756,-14.788520000000009,9985.21148
2012-04-25,2012-04-26,short,1644.18,1656.74,-12.559999999999945,-0.7639066282280496,-15.848359999999946,9969.36312
2012-06-01,2012-06-06,short,1623.04,1618.74,4.2999999999999545,0.26493493690851455,1.0539199999999544,9970.41704
2012-06-08,2012-06-12,short,1592.32,1609.3,-16.980000000000018,-1.066368569131834,-20.16464000000002,9950.2524
2012-06-13,2012-06-14,short,1616.77,1622.67,-5.900000000000091,-0.3649251284969471,-9.13354000000009,9941.118859999999
2012-06-15,2012-06-20,short,1623.99,1605.88,18.1099999999999,1.1151546499670504,14.8620199999999,9955.98088
2012-07-02,2012-07-03,short,1597.02,1617.13,-20.110000000000127,-1.2592202978046692,-23.30404000000013,9932.676839999998
2012-07-04,2012-07-05,short,1614.98,1604.0,10.980000000000018,0.6798845806140025,7.750040000000018,9940.426879999999
2012-07-17,2012-07-19,short,1582.68,1580.87,1.8100000000001728,0.11436297925039635,-1.3553599999998274,9939.07152
2012-08-09,2012-08-10,short,1616.75,1619.48,-2.730000000000018,-0.16885727539817647,-5.9635000000000185,9933.10802
2012-08-14,2012-08-15,short,1598.99,1603.17,-4.180000000000064,-0.2614150182302618,-7.377980000000064,9925.73004
2012-08-20,2012-08-21,short,1620.13,1637.33,-17.199999999999818,-1.0616432014714756,-20.440259999999817,9905.289780000001
2012-08-22,2012-08-23,short,1653.94,1670.55,-16.6099999999999,-1.004268594991348,-19.9178799999999,9885.371900000002
2012-09-03,2012-09-04,short,1692.3,1695.72,-3.4200000000000728,-0.20209182769013018,-6.804600000000073,9878.567300000002
2012-09-07,2012-09-10,short,1735.7,1726.0,9.700000000000045,0.5588523362332226,6.228600000000045,9884.795900000003
2012-09-11,2012-09-12,short,1732.03,1730.64,1.3899999999998727,0.0802526515129572,-2.0740600000001272,9882.721840000002
2012-09-13,2012-09-18,short,1766.12,1771.25,-5.130000000000109,-0.29046723891921894,-8.662240000000109,9874.059600000002
2012-09-20,2012-09-21,short,1768.5,1773.03,-4.529999999999973,-0.25614927905004087,-8.066999999999972,9865.992600000003
2012-10-01,2012-10-02,short,1775.27,1774.74,0.5299999999999727,0.02985461366439881,-3.0205400000000275,9862.972060000004
2012-10-08,2012-10-10,short,1774.86,1762.32,12.539999999999964,0.7065345999121038,8.990279999999963,9871.962340000004
2012-10-17,2012-10-18,short,1749.86,1741.07,8.789999999999964,0.5023259003577408,5.290279999999964,9877.252620000003
2012-10-19,2012-10-23,short,1721.75,1707.3,14.450000000000045,0.8392623783940784,11.006500000000045,9888.259120000002
2012-10-29,2012-10-30,short,1709.14,1708.62,0.5200000000002092,0.030424658015154354,-2.898279999999791,9885.360840000003
2012-11-05,2012-11-06,short,1684.46,1716.02,-31.559999999999945,-1.873597473374253,-34.92891999999995,9850.431920000003
2012-11-12,2012-11-14,short,1728.47,1726.72,1.75,0.10124561027961144,-1.7069400000000003,9848.724980000003
2012-11-15,2012-11-16,short,1716.05,1713.57,2.480000000000018,0.14451793362664364,-0.952099999999982,9847.772880000002
2012-11-28,2012-11-29,short,1719.3,1725.7,-6.400000000000091,-0.3722445181178439,-9.838600000000092,9837.934280000001
2012-12-03,2012-12-06,short,1715.53,1699.87,15.660000000000082,0.912837432163826,12.228940000000081,9850.163220000002
2013-01-10,2013-01-14,short,1674.68,1667.59,7.0900000000001455,0.4233644636587375,3.740640000000145,9853.903860000002
2013-01-23,2013-01-25,short,1685.73,1658.91,26.819999999999936,1.5910021177768643,23.448539999999937,9877.352400000002
2013-02-01,2013-02-04,short,1667.11,1674.16,-7.050000000000182,-0.4228875119218397,-10.384220000000182,9866.968180000002
2013-02-05,2013-02-07,short,1672.74,1671.4,1.3399999999999181,0.08010808613412235,-2.005480000000082,9864.962700000002
2013-02-26,2013-02-27,short,1613.66,1597.05,16.610000000000127,1.029337035063156,13.382680000000127,9878.345380000002
2013-03-15,2013-03-18,short,1591.95,1605.01,-13.059999999999945,-0.8203775244197334,-16.243899999999947,9862.101480000003
2013-03-22,2013-03-28,short,1608.42,1596.1,12.320000000000164,0.7659690876761147,9.103160000000162,9871.204640000004
2013-04-02,2013-04-05,short,1575.96,1580.79,-4.829999999999927,-0.30647985989491655,-7.981919999999928,9863.222720000003
2013-04-30,2013-05-01,short,1476.59,1457.02,19.569999999999936,1.3253509775902543,16.616819999999937,9879.839540000003
2013-05-07,2013-05-08,short,1452.07,1473.65,-21.580000000000155,-1.4861542487621227,-24.484140000000153,9855.355400000002
2013-05-10,2013-05-13,short,1447.39,1430.81,16.580000000000155,1.1455101942116606,13.685220000000154,9869.040620000002
2013-05-31,2013-06-05,short,1387.64,1403.74,-16.09999999999991,-1.160243290767051,-18.87527999999991,9850.165340000001
2013-06-10,2013-06-12,short,1386.28,1388.46,-2.1800000000000637,-0.15725538852180396,-4.952560000000064,9845.212780000002
2013-07-01,2013-07-02,short,1252.2,1243.18,9.019999999999982,0.7203322153010686,6.515599999999981,9851.728380000002
2013-07-11,2013-07-17,short,1285.8,1275.24,10.559999999999945,0.8212785814279006,7.988399999999945,9859.716780000002
2013-07-29,2013-08-02,short,1328.09,1312.43,15.659999999999854,1.1791369560797729,13.003819999999855,9872.720600000002
2013-08-07,2013-08-08,short,1287.24,1312.92,-25.680000000000064,-1.9949659737112009,-28.254480000000065,9844.466120000003
2013-08-12,2013-08-13,short,1337.07,1321.41,15.659999999999854,1.1712176625008306,12.985859999999855,9857.451980000003
2013-08-15,2013-08-16,short,1365.61,1376.56,-10.950000000000045,-0.8018394710056345,-13.681220000000046,9843.770760000003
2013-09-20,2013-09-23,short,1325.65,1322.32,3.3300000000001546,0.2511975257421004,0.6787000000001542,9844.449460000003
2013-09-30,2013-10-03,short,1328.65,1316.72,11.930000000000064,0.8979038874045131,9.272700000000064,9853.722160000003
2013-10-08,2013-10-09,short,1319.18,1304.64,14.539999999999964,1.1021998514228508,11.901639999999963,9865.623800000003
2013-10-18,2013-10-21,short,1316.08,1315.92,0.15999999999985448,0.012157315664690178,-2.4721600000001454,9863.151640000004
2013-10-23,2013-10-24,short,1333.4,1346.6,-13.199999999999818,-0.9899505024748626,-15.866799999999818,9847.284840000004
2013-10-31,2013-11-01,short,1322.87,1315.85,7.019999999999982,0.5306643887910363,4.374259999999982,9851.659100000004
2013-11-04,2013-11-05,short,1314.3,1311.15,3.1499999999998636,0.2396713079205557,0.5213999999998635,9852.180500000004
2013-11-06,2013-11-08,short,1317.69,1287.8,29.8900000000001,2.2683635756513367,27.2546200000001,9879.435120000004
2013-11-13,2013-11-15,short,1273.35,1287.97,-14.620000000000118,-1.1481525110927961,-17.16670000000012,9862.268420000004
2013-11-20,2013-11-21,short,1244.35,1243.18,1.1699999999998454,0.09402499296820392,-1.3187000000001543,9860.949720000004
2013-12-18,2013-12-20,short,1217.81,1202.93,14.879999999999882,1.2218654798367465,12.444379999999882,9873.394100000003
2013-12-24,2013-12-26,short,1202.91,1210.39,-7.480000000000018,-0.6218254067220339,-9.885820000000018,9863.508280000004
2013-12-27,2013-12-30,short,1213.13,1196.29,16.840000000000146,1.388144716559655,14.413740000000146,9877.922020000004
2013-12-31,2014-01-02,short,1208.26,1224.56,-16.299999999999955,-1.349047390462314,-18.716519999999953,9859.205500000004
2014-01-06,2014-01-10,short,1237.71,1247.78,-10.069999999999936,-0.8135993084001856,-12.545419999999936,9846.660080000003
2014-01-13,2014-01-17,long,1252.93,1253.75,0.8199999999999363,0.06544659318556793,-1.6858600000000639,9844.974220000004
2014-01-22,2014-01-23,short,1236.5,1264.43,-27.930000000000064,-2.2587949858471545,-30.403000000000063,9814.571220000003
2014-01-24,2014-01-29,short,1269.22,1267.59,1.6300000000001091,0.12842533209373547,-0.9084399999998909,9813.662780000004
2014-01-31,2014-02-06,short,1243.85,1257.66,-13.810000000000173,-1.1102624914579873,-16.297700000000173,9797.365080000003
2014-02-10,2014-02-12,short,1274.59,1290.83,-16.24000000000001,-1.2741352121074234,-18.78918000000001,9778.575900000003
2014-02-19,2014-02-21,short,1311.47,1324.09,-12.61999999999989,-0.9622789694007405,-15.24293999999989,9763.332960000003
2014-02-26,2014-02-27,short,1330.9,1330.96,-0.05999999999994543,-0.004508227515211167,-2.721799999999946,9760.611160000004
2014-03-03,2014-03-04,short,1350.44,1334.71,15.730000000000018,1.1648055448594545,13.029120000000018,9773.640280000003
2014-03-06,2014-03-07,short,1351.02,1340.17,10.849999999999909,0.8030969193646215,8.147959999999909,9781.788240000003
2014-03-11,2014-03-12,short,1348.43,1363.65,-15.220000000000027,-1.128720067040931,-17.916860000000028,9763.871380000004
2014-03-13,2014-03-19,short,1366.3,1327.9,38.399999999999864,2.810510136865979,35.667399999999866,9799.538780000004
2014-03-21,2014-03-25,short,1333.55,1310.86,22.690000000000055,1.701473510554539,20.022900000000053,9819.561680000004
2014-04-09,2014-04-10,short,1311.47,1318.89,-7.420000000000073,-0.5657773338315076,-10.042940000000073,9809.518740000005
2014-04-14,2014-04-16,short,1327.06,1302.54,24.519999999999982,1.84769339743493,21.865879999999983,9831.384620000004
2014-04-21,2014-04-22,short,1289.8,1283.96,5.839999999999918,0.45278337726778717,3.260399999999918,9834.645020000004
2014-04-25,2014-04-28,short,1302.55,1296.49,6.059999999999945,0.4652412575332959,3.4548999999999457,9838.099920000004
2014-04-29,2014-04-30,short,1295.76,1291.08,4.680000000000064,0.36117799592517624,2.0884800000000636,9840.188400000005
2014-05-02,2014-05-06,short,1300.05,1308.07,-8.019999999999982,-0.6168993500249976,-10.620099999999981,9829.568300000004
2014-05-07,2014-05-13,short,1289.97,1293.32,-3.349999999999909,-0.259695961921588,-5.92993999999991,9823.638360000004
2014-05-15,2014-05-21,short,1295.93,1291.83,4.100000000000136,0.3163751128533282,1.5081400000001364,9825.146500000004
2014-05-23,2014-05-27,long,1292.13,1264.77,-27.360000000000127,-2.1174340043184605,-29.944260000000128,9795.202240000004
2014-05-28,2014-05-29,long,1258.23,1255.59,-2.6400000000001,-0.2098185546362827,-5.1564600000001,9790.045780000004
2014-05-30,2014-06-04,long,1249.23,1243.53,-5.7000000000000455,-0.456281069138593,-8.198460000000045,9781.847320000004
2014-06-05,2014-06-06,long,1253.66,1253.04,-0.6200000000001182,-0.04945519518849753,-3.1273200000001187,9778.720000000005
2014-06-18,2014-06-24,long,1277.46,1317.81,40.34999999999991,3.1586116199332976,37.795079999999906,9816.515080000005
2014-07-07,2014-07-08,short,1319.57,1319.26,0.30999999999994543,0.023492501345131023,-2.3291400000000544,9814.185940000005
2014-07-10,2014-07-14,short,1335.04,1306.79,28.25,2.1160414669223395,25.57992,9839.765860000005
2014-07-23,2014-07-29,short,1304.72,1298.67,6.0499999999999545,0.4637010239744891,3.4405599999999543,9843.206420000004
2014-08-04,2014-08-05,short,1288.03,1288.49,-0.4600000000000364,-0.035713453879182656,-3.0360600000000364,9840.170360000004
2014-08-06,2014-08-08,short,1305.72,1310.35,-4.629999999999882,-0.3545936341635176,-7.241439999999882,9832.928920000004
2014-08-20,2014-08-21,short,1291.44,1276.41,15.029999999999973,1.1638171343616408,12.447119999999973,9845.376040000005
2014-08-27,2014-08-28,short,1282.31,1288.86,-6.5499999999999545,-0.510796921181302,-9.114619999999954,9836.261420000004
2014-09-12,2014-09-15,short,1229.12,1232.98,-3.8600000000001273,-0.3140458214006873,-6.318240000000127,9829.943180000004
2014-09-16,2014-09-18,short,1235.24,1224.52,10.720000000000027,0.8678475437971591,8.249520000000027,9838.192700000003
2014-10-09,2014-10-10,short,1224.28,1222.75,1.5299999999999727,0.12497141176854745,-0.9185600000000274,9837.274140000003
2014-10-20,2014-10-21,short,1246.81,1248.32,-1.509999999999991,-0.12110907034752617,-4.003619999999991,9833.270520000004
2014-10-28,2014-10-29,short,1227.12,1210.77,16.34999999999991,1.3323880305104563,13.895759999999909,9847.166280000003
2014-10-31,2014-11-04,short,1171.52,1168.31,3.2100000000000364,0.2740030046435431,0.8669600000000361,9848.033240000002
2014-11-24,2014-11-25,short,1196.81,1200.72,-3.910000000000082,-0.3267018156599696,-6.303620000000082,9841.729620000002
2014-11-28,2014-12-02,short,1165.88,1198.5,-32.61999999999989,-2.7978865749476696,-34.951759999999894,9806.777860000002
2014-12-03,2014-12-05,short,1209.47,1191.87,17.600000000000136,1.4551828486857992,15.181060000000137,9821.958920000003
2014-12-11,2014-12-17,short,1227.57,1188.83,38.74000000000001,3.15582818087767,36.28486000000001,9858.243780000003
2014-12-22,2014-12-23,short,1175.5,1175.75,-0.25,-0.02126754572522331,-2.601,9855.642780000002
2014-12-29,2014-12-30,short,1182.94,1200.19,-17.25,-1.458231186704313,-19.61588,9836.026900000003
2014-12-31,2015-01-07,short,1186.83,1210.52,-23.690000000000055,-1.9960735741428894,-26.063660000000056,9809.963240000003
2015-01-12,2015-01-16,short,1233.25,1280.04,-46.789999999999964,-3.7940401378471487,-49.25649999999996,9760.706740000003
2015-01-27,2015-02-02,short,1292.25,1274.98,17.269999999999982,1.3364287096150111,14.685499999999982,9775.392240000003
2015-02-11,2015-02-16,long,1217.18,1230.79,13.6099999999999,1.1181583660592436,11.1756399999999,9786.567880000002
2015-02-17,2015-02-18,long,1209.18,1211.83,2.6499999999998636,0.21915678393620996,0.2316399999998633,9786.799520000002
2015-02-20,2015-02-25,long,1201.66,1204.51,2.849999999999909,0.23717191218813213,0.4466799999999087,9787.246200000001
2015-02-26,2015-02-27,long,1209.12,1212.78,3.660000000000082,0.30269948392219814,1.241760000000082,9788.487960000002
2015-03-03,2015-03-04,long,1203.4,1200.13,-3.269999999999982,-0.27173009805550785,-5.676799999999982,9782.811160000003
2015-03-05,2015-03-10,long,1198.47,1161.63,-36.83999999999992,-3.073919247039969,-39.23693999999992,9743.574220000002
2015-03-11,2015-03-17,long,1154.43,1149.24,-5.190000000000055,-0.4495725163067535,-7.498860000000055,9736.075360000003
2015-03-23,2015-03-24,short,1189.32,1193.1,-3.7799999999999727,-0.3178286752093611,-6.158639999999973,9729.916720000003
2015-03-31,2015-04-06,short,1183.57,1214.39,-30.820000000000164,-2.6039862450045344,-33.18714000000016,9696.729580000003
2015-04-10,2015-04-15,short,1207.24,1202.35,4.8900000000001,0.4050561611610036,2.4755200000001,9699.205100000003
2015-04-22,2015-04-28,short,1186.88,1212.06,-25.179999999999836,-2.1215287139390533,-27.553759999999837,9671.651340000002
2015-04-30,2015-05-01,short,1183.97,1178.4,5.569999999999936,0.4704511094031045,3.2020599999999364,9674.853400000002
2015-05-07,2015-05-08,short,1184.22,1188.38,-4.160000000000082,-0.351286078600267,-6.5284400000000815,9668.324960000002
2015-05-19,2015-05-20,short,1207.63,1209.74,-2.1099999999999,-0.17472239013604332,-4.5252599999999,9663.799700000001
2015-06-05,2015-06-09,short,1171.52,1176.79,-5.269999999999982,-0.44984293908767947,-7.613039999999982,9656.186660000001
2015-06-10,2015-06-11,short,1185.85,1182.04,3.8099999999999454,0.32128852721675977,1.4382999999999457,9657.624960000001
2015-06-29,2015-07-03,short,1179.32,1168.58,10.740000000000009,0.9106942984092536,8.38136000000001,9666.00632
2015-07-07,2015-07-08,long,1156.74,1157.4,0.6600000000000819,0.057056901291567846,-1.6534799999999183,9664.352840000001
2015-07-14,2015-07-15,long,1155.35,1149.34,-6.009999999999991,-0.5201886874107405,-8.320699999999992,9656.032140000001
2015-07-16,2015-07-22,long,1145.23,1094.01,-51.22000000000003,-4.472464046523409,-53.51046000000003,9602.521680000002
2015-07-23,2015-07-28,long,1090.63,1095.23,4.599999999999909,0.4217745706609858,2.4187399999999086,9604.94042
2015-07-29,2015-08-04,long,1096.78,1087.61,-9.170000000000073,-0.8360838089680769,-11.363560000000072,9593.576860000001
2015-08-10,2015-08-12,short,1104.43,1123.91,-19.480000000000018,-1.7638057640592901,-21.68886000000002,9571.888
2015-08-14,2015-08-20,short,1114.82,1152.08,-37.25999999999999,-3.342243590893597,-39.489639999999994,9532.398360000001
2015-08-25,2015-08-27,long,1140.5,1124.56,-15.940000000000055,-1.3976326172731306,-18.221000000000053,9514.177360000001
2015-09-09,2015-09-15,long,1107.35,1105.24,-2.1099999999999,-0.1905449948074141,-4.3246999999999,9509.852660000002
2015-09-18,2015-09-24,short,1139.04,1153.98,-14.940000000000055,-1.311630847029082,-17.218080000000054,9492.634580000002
2015-10-05,2015-10-09,long,1135.43,1156.53,21.09999999999991,1.85832680129994,18.82913999999991,9511.463720000002
2015-10-28,2015-10-29,short,1155.77,1145.78,9.990000000000009,0.8643588257179204,7.678460000000009,9519.14218
2015-11-16,2015-11-20,short,1082.68,1077.98,4.7000000000000455,0.4341079543355419,2.5346400000000453,9521.67682
2015-11-23,2015-11-26,long,1068.92,1071.65,2.730000000000018,0.2553979717846067,0.592160000000018,9522.26898
2015-12-02,2015-12-04,long,1053.49,1086.76,33.26999999999998,3.1580745901717133,31.16301999999998,9553.432
2015-12-07,2015-12-11,long,1070.76,1074.66,3.900000000000091,0.36422727782136904,1.758480000000091,9555.190480000001
2015-12-15,2015-12-17,long,1060.8,1051.55,-9.25,-0.8719834087481146,-11.3716,9543.81888
2015-12-29,2015-12-31,long,1068.62,1060.81,-7.809999999999945,-0.7308491325260567,-9.947239999999946,9533.871640000001
2016-01-04,2016-01-05,long,1074.43,1078.07,3.6399999999998727,0.3387842856212012,1.4911399999998727,9535.362780000001
2016-01-08,2016-01-12,long,1103.85,1089.48,-14.36999999999989,-1.301807310775911,-16.57769999999989,9518.785080000001
2016-01-14,2016-01-20,long,1077.18,1100.83,23.649999999999864,2.1955476336359627,21.495639999999863,9540.28072
2016-01-25,2016-01-29,long,1107.67,1117.99,10.319999999999936,0.9316854297760105,8.104659999999935,9548.38538
2016-02-09,2016-02-11,short,1188.76,1248.7,-59.940000000000055,-5.042228877149303,-62.31752000000005,9486.06786
2016-02-16,2016-02-17,short,1199.53,1208.31,-8.779999999999973,-0.7319533483947858,-11.179059999999973,9474.888799999999
2016-02-19,2016-02-22,short,1227.29,1208.42,18.86999999999989,1.537533916189319,16.41541999999989,9491.304219999998
2016-02-26,2016-02-29,short,1223.32,1238.3,-14.980000000000018,-1.2245365072098895,-17.426640000000017,9473.877579999998
2016-03-01,2016-03-02,short,1231.57,1240.09,-8.519999999999982,-0.691799897691563,-10.983139999999981,9462.894439999998
2016-03-08,2016-03-14,short,1261.5,1235.0,26.5,2.1006738010305193,23.977,9486.871439999999
2016-03-18,2016-03-21,long,1255.04,1243.44,-11.599999999999909,-0.9242733299337,-14.11007999999991,9472.761359999999
2016-03-24,2016-03-31,long,1217.12,1232.44,15.320000000000164,1.2587090837386752,12.885760000000165,9485.64712
2016-04-01,2016-04-05,short,1222.16,1230.47,-8.309999999999945,-0.6799437062250396,-10.754319999999947,9474.8928
2016-04-07,2016-04-11,short,1240.6,1257.51,-16.910000000000082,-1.363050137030476,-19.391200000000083,9455.5016
2016-04-15,2016-04-21,short,1233.73,1248.77,-15.039999999999964,-1.2190673810315031,-17.507459999999963,9437.994139999999
2016-04-26,2016-04-29,long,1243.68,1293.68,50.0,4.0203267721600415,47.51264,9485.50678
2016-05-02,2016-05-06,long,1291.24,1288.8,-2.4400000000000546,-0.18896564542610628,-5.022480000000055,9480.4843
2016-05-09,2016-05-13,short,1263.09,1273.3,-10.210000000000036,-0.8083351146790836,-12.736180000000036,9467.74812
2016-05-18,2016-05-20,short,1257.88,1251.91,5.970000000000027,0.4746080707221696,3.454240000000027,9471.20236
2016-05-24,2016-05-25,short,1226.7,1224.33,2.3700000000001182,0.19320127170458287,-0.08339999999988201,9471.11896
2016-05-30,2016-05-31,short,1207.4,1215.08,-7.679999999999836,-0.6360775219479738,-10.094799999999836,9461.02416
2016-06-08,2016-06-10,short,1261.84,1274.07,-12.230000000000018,-0.9692195523996718,-14.753680000000017,9446.270480000001
2016-06-14,2016-06-15,short,1285.87,1291.51,-5.6400000000001,-0.4386135456928073,-8.2117400000001,9438.05874
2016-06-21,2016-06-27,short,1267.18,1324.88,-57.700000000000045,-4.553417825407601,-60.234360000000045,9377.82438
2016-06-29,2016-07-01,long,1318.6,1342.28,23.680000000000064,1.7958440770514232,21.042800000000064,9398.86718
2016-07-06,2016-07-08,long,1363.68,1364.93,1.25,0.09166373342719698,-1.47736,9397.389819999999
2016-07-12,2016-07-18,long,1332.68,1328.37,-4.310000000000173,-0.3234084701503866,-6.9753600000001725,9390.414459999998
2016-07-20,2016-07-21,short,1315.34,1331.12,-15.779999999999973,-1.1996898140404741,-18.41067999999997,9372.003779999997
2016-07-25,2016-07-27,short,1315.76,1339.46,-23.700000000000045,-1.801240347783794,-26.331520000000047,9345.672259999998
2016-08-05,2016-08-11,short,1336.87,1338.46,-1.5900000000001455,-0.11893452616934673,-4.263740000000146,9341.408519999997
2016-08-22,2016-08-26,long,1338.63,1321.85,-16.7800000000002,-1.2535203902497478,-19.4572600000002,9321.951259999996
2016-08-30,2016-09-01,short,1310.36,1312.94,-2.5800000000001546,-0.19689245703471983,-5.200720000000155,9316.750539999995
2016-09-05,2016-09-07,short,1326.81,1344.74,-17.930000000000064,-1.351361536316433,-20.583620000000064,9296.166919999996
2016-09-13,2016-09-15,short,1317.84,1314.41,3.4299999999998363,0.26027438839311573,0.7943199999998365,9296.961239999995
2016-09-21,2016-09-22,short,1335.92,1337.72,-1.7999999999999545,-0.13473860710221827,-4.471839999999954,9292.489399999995
2016-09-27,2016-10-03,short,1326.87,1311.73,15.139999999999873,1.141031148492307,12.486259999999874,9304.975659999995
2016-10-04,2016-10-06,short,1268.45,1254.39,14.059999999999945,1.1084394339548225,11.523099999999946,9316.498759999995
2016-10-13,2016-10-17,short,1257.68,1254.92,2.759999999999991,0.21945168882386543,0.24463999999999064,9316.743399999996
2016-10-20,2016-10-21,short,1265.66,1266.79,-1.1299999999998818,-0.08928148159852423,-3.661319999999882,9313.082079999996
2016-10-24,2016-10-26,short,1264.16,1266.48,-2.3199999999999363,-0.183521073281858,-4.848319999999937,9308.233759999997
2016-10-27,2016-10-28,short,1268.52,1275.71,-7.190000000000055,-0.5668022577491924,-9.727040000000056,9298.506719999998
2016-10-31,2016-11-04,short,1276.87,1304.27,-27.40000000000009,-2.1458723284281165,-29.953740000000092,9268.552979999997
2016-11-16,2016-11-22,long,1224.81,1211.85,-12.960000000000036,-1.0581233007568551,-15.409620000000036,9253.143359999996
2016-11-30,2016-12-01,short,1172.62,1171.29,1.3299999999999272,0.11342122767818452,-1.0152400000000728,9252.128119999996
2016-12-05,2016-12-09,short,1170.03,1158.35,11.680000000000064,0.9982650017520973,9.339940000000064,9261.468059999996
2016-12-13,2016-12-15,short,1158.06,1127.96,30.09999999999991,2.5991744814603654,27.78387999999991,9289.251939999995
2016-12-20,2016-12-21,short,1131.73,1131.59,0.14000000000010004,0.012370441713138296,-2.1234599999999,9287.128479999994
2016-12-27,2016-12-28,short,1138.86,1141.55,-2.6900000000000546,-0.23620111339410066,-4.967720000000055,9282.160759999993
2017-01-03,2017-01-09,short,1159.09,1181.01,-21.920000000000073,-1.8911387381480362,-24.23818000000007,9257.922579999993
2017-01-11,2017-01-17,long,1191.44,1216.56,25.11999999999989,2.108373061169668,22.73711999999989,9280.659699999993
2017-01-18,2017-01-20,short,1203.59,1209.94,-6.350000000000136,-0.5275882983408084,-8.757180000000137,9271.902519999992
2017-01-24,2017-01-30,short,1208.67,1195.2,13.470000000000027,1.114448112387999,11.052660000000028,9282.955179999992
2017-01-31,2017-02-02,long,1210.36,1215.74,5.380000000000109,0.44449585247365325,2.9592800000001094,9285.914459999993
2017-02-08,2017-02-09,long,1241.68,1227.53,-14.150000000000091,-1.1395850782810457,-16.633360000000092,9269.281099999993
2017-02-14,2017-02-16,long,1228.57,1239.01,10.440000000000055,0.8497684299632953,7.982860000000055,9277.263959999993
2017-02-24,2017-03-02,long,1256.98,1234.17,-22.809999999999945,-1.814666900030227,-25.323959999999946,9251.939999999993
2017-03-06,2017-03-07,short,1225.18,1215.72,9.460000000000036,0.7721314419105794,7.0096400000000365,9258.949639999993
2017-03-08,2017-03-13,short,1207.75,1203.7,4.0499999999999545,0.33533429931690784,1.6344999999999543,9260.584139999994
2017-03-14,2017-03-15,short,1198.47,1218.59,-20.11999999999989,-1.678807145777524,-22.51693999999989,9238.067199999994
2017-03-16,2017-03-21,short,1226.01,1244.85,-18.839999999999918,-1.5366921966378673,-21.29201999999992,9216.775179999993
2017-03-23,2017-03-24,short,1245.37,1245.57,-0.20000000000004547,-0.016059484329961817,-2.690740000000045,9214.084439999993
2017-04-03,2017-04-04,short,1252.8,1255.98,-3.1800000000000637,-0.25383141762452616,-5.685600000000063,9208.398839999993
2017-04-21,2017-04-27,short,1284.29,1264.23,20.059999999999945,1.5619525185121699,17.491419999999945,9225.890259999993
2017-05-08,2017-05-10,long,1226.21,1218.99,-7.220000000000027,-0.5888061588145609,-9.672420000000027,9216.217839999992
2017-05-11,2017-05-12,long,1224.83,1228.48,3.650000000000091,0.29800053885029687,1.2003400000000912,9217.418179999991
2017-05-16,2017-05-19,long,1236.95,1255.33,18.37999999999988,1.4859129309996266,15.906099999999881,9233.324279999992
2017-05-22,2017-05-25,long,1260.09,1255.69,-4.399999999999864,-0.3491814076772186,-6.920179999999863,9226.404099999992
2017-05-26,2017-05-29,long,1266.94,1266.5,-0.44000000000005457,-0.03472934787756757,-2.973880000000055,9223.430219999993
2017-06-05,2017-06-09,long,1279.43,1266.6,-12.830000000000155,-1.002790305057733,-15.388860000000154,9208.041359999992
2017-06-12,2017-06-16,short,1265.66,1253.38,12.279999999999973,0.970244773477867,9.748679999999972,9217.790039999993
2017-06-19,2017-06-22,long,1243.25,1250.4,7.150000000000091,0.5751055700784308,4.6635000000000915,9222.453539999993
2017-06-26,2017-06-29,long,1244.3,1245.1,0.7999999999999545,0.06429317688659926,-1.6886000000000454,9220.764939999994
2017-07-05,2017-07-07,long,1226.83,1212.2,-14.629999999999882,-1.1925042589437724,-17.08365999999988,9203.681279999993
2017-07-11,2017-07-12,long,1217.21,1220.14,2.9300000000000637,0.2407144206833713,0.4955800000000634,9204.176859999994
2017-07-13,2017-07-19,long,1217.5,1241.13,23.63000000000011,1.9408624229979556,21.19500000000011,9225.371859999994
2017-07-25,2017-07-26,short,1249.71,1260.84,-11.129999999999882,-0.8906066207360014,-13.629419999999882,9211.742439999995
2017-08-09,2017-08-10,short,1277.39,1286.25,-8.8599999999999,-0.6936017974150337,-11.414779999999901,9200.327659999995
2017-08-28,2017-08-31,short,1309.61,1321.41,-11.800000000000182,-0.9010316048289325,-14.419220000000182,9185.908439999996
2017-09-07,2017-09-11,short,1349.31,1327.25,22.059999999999945,1.6349096945846358,19.361379999999947,9205.269819999996
2017-09-13,2017-09-19,short,1323.0,1310.9,12.099999999999909,0.9145880574451934,9.453999999999908,9214.723819999996
2017-09-29,2017-10-02,long,1279.37,1270.95,-8.419999999999845,-0.658136426522417,-10.978739999999846,9203.745079999995
2017-10-10,2017-10-12,long,1287.92,1293.27,5.349999999999909,0.41539847195477275,2.7741599999999087,9206.519239999994
2017-10-16,2017-10-17,long,1294.57,1285.14,-9.429999999999836,-0.7284271997651603,-12.019139999999837,9194.500099999994
2017-10-20,2017-10-25,long,1280.11,1277.36,-2.75,-0.2148252884517737,-5.310219999999999,9189.189879999994
2017-10-26,2017-10-31,long,1266.9,1271.0,4.099999999999909,0.3236245954692485,1.5661999999999088,9190.756079999994
2017-11-01,2017-11-02,long,1274.52,1276.15,1.6300000000001091,0.12789128456203977,-0.919039999999891,9189.837039999993
2017-11-06,2017-11-08,long,1281.49,1281.16,-0.32999999999992724,-0.02575127390771112,-2.8929799999999273,9186.944059999993
2017-11-16,2017-11-22,long,1278.3,1291.94,13.6400000000001,1.0670421653758977,11.0834000000001,9198.027459999992
2017-11-30,2017-12-01,long,1274.7,1279.88,5.180000000000064,0.4063701263042334,2.6306000000000633,9200.658059999992
2017-12-04,2017-12-07,long,1275.94,1246.64,-29.299999999999955,-2.2963462231766347,-31.851879999999955,9168.806179999992
2017-12-11,2017-12-13,long,1241.54,1255.51,13.970000000000027,1.1252154582212437,11.486920000000026,9180.293099999992
2017-12-15,2017-12-18,long,1255.33,1261.62,6.289999999999964,0.5010634653836015,3.7793399999999635,9184.07243999999
2017-12-19,2017-12-21,long,1261.64,1266.52,4.879999999999882,0.38679813575979527,2.3567199999998816,9186.42915999999
2017-12-27,2017-12-28,long,1287.01,1294.86,7.849999999999909,0.6099408707002982,5.275979999999909,9191.705139999991
2018-01-03,2018-01-09,long,1312.78,1312.61,-0.17000000000007276,-0.012949618367134841,-2.795560000000073,9188.90957999999
2018-01-11,2018-01-15,short,1322.34,1339.93,-17.590000000000146,-1.3302176444787381,-20.234680000000147,9168.67489999999
2018-01-16,2018-01-19,short,1338.37,1331.43,6.939999999999827,0.5185412105770324,4.2632599999998275,9172.93815999999
2018-01-23,2018-01-25,short,1341.11,1348.22,-7.110000000000127,-0.530157854314719,-9.792220000000128,9163.145939999991
2018-01-26,2018-01-29,short,1350.0,1340.32,9.680000000000064,0.7170370370370417,6.9800000000000635,9170.12593999999
2018-02-05,2018-02-08,short,1339.56,1318.34,21.220000000000027,1.5841022425273992,18.540880000000026,9188.666819999991
2018-02-14,2018-02-19,short,1350.14,1346.6,3.540000000000191,0.262195031626364,0.8397200000001908,9189.506539999991
2018-02-22,2018-02-28,short,1331.85,1318.08,13.769999999999982,1.0339002139880604,11.106299999999981,9200.61283999999
2018-03-13,2018-03-14,short,1326.31,1324.74,1.5699999999999363,0.11837353258287553,-1.0826200000000634,9199.530219999991
2018-03-22,2018-03-28,short,1328.61,1324.83,3.7799999999999727,0.2845078691263782,1.122779999999973,9200.652999999991
2018-04-10,2018-04-12,short,1339.08,1334.87,4.210000000000036,0.31439495773217707,1.5318400000000363,9202.18483999999
2018-04-19,2018-04-23,short,1345.7,1324.76,20.940000000000055,1.5560674741770122,18.248600000000053,9220.433439999992
2018-04-24,2018-04-25,short,1330.77,1322.88,7.889999999999873,0.5928898306995102,5.228459999999872,9225.661899999992
2018-05-02,2018-05-08,short,1304.92,1314.67,-9.75,-0.7471722404438585,-12.35984,9213.302059999993
2018-05-09,2018-05-10,long,1312.36,1321.05,8.690000000000055,0.6621658691212818,6.065280000000055,9219.367339999993
2018-05-14,2018-05-15,long,1313.13,1290.77,-22.360000000000127,-1.7028017028017124,-24.98626000000013,9194.381079999994
2018-05-22,2018-05-28,long,1291.02,1298.02,7.0,0.5422069371504702,4.41796,9198.799039999994
2018-05-31,2018-06-04,short,1298.24,1291.81,6.430000000000064,0.49528592556076406,3.8335200000000635,9202.632559999995
2018-06-06,2018-06-11,short,1295.95,1300.35,-4.399999999999864,-0.339519271576825,-6.991899999999864,9195.640659999995
2018-06-15,2018-06-18,short,1280.19,1278.2,1.990000000000009,0.15544567603246465,-0.5703799999999912,9195.070279999996
2018-06-19,2018-06-22,short,1274.46,1269.21,5.25,0.411939174238501,2.7010799999999997,9197.771359999997
2018-06-27,2018-06-29,short,1251.79,1252.74,-0.9500000000000455,-0.07589132362457325,-3.4535800000000454,9194.317779999998
2018-07-03,2018-07-06,short,1252.78,1254.56,-1.7799999999999727,-0.1420840051724942,-4.285559999999973,9190.032219999997
2018-07-09,2018-07-10,short,1257.41,1255.93,1.4800000000000182,0.11770226099681236,-1.034819999999982,9188.997399999997
2018-07-16,2018-07-17,short,1240.8,1227.28,13.519999999999982,1.0896196002578966,11.038399999999982,9200.035799999996
2018-07-19,2018-07-25,short,1222.86,1231.57,-8.710000000000036,-0.7122646909703512,-11.155720000000036,9188.880079999995
2018-08-02,2018-08-03,short,1207.72,1213.14,-5.420000000000073,-0.44877951843143055,-7.835440000000073,9181.044639999995
2018-08-09,2018-08-15,short,1212.16,1174.65,37.50999999999999,3.0944759767687424,35.08567999999999,9216.130319999995
2018-08-16,2018-08-22,short,1173.93,1195.42,-21.49000000000001,-1.8306031875835873,-23.83786000000001,9192.292459999995
2018-08-28,2018-08-30,long,1200.96,1199.61,-1.3500000000001364,-0.1124100719424574,-3.7519200000001365,9188.540539999995
2018-09-03,2018-09-05,long,1201.25,1196.48,-4.769999999999982,-0.39708636836628364,-7.172499999999982,9181.368039999994
2018-09-06,2018-09-07,long,1199.97,1195.83,-4.1400000000001,-0.3450086252156387,-6.5399400000001,9174.828099999993
2018-09-19,2018-09-21,long,1203.68,1199.1,-4.580000000000155,-0.38049980061147104,-6.987360000000155,9167.840739999992
2018-09-28,2018-10-04,long,1191.51,1199.72,8.210000000000036,0.6890416362430896,5.826980000000036,9173.667719999992
2018-10-16,2018-10-19,short,1224.42,1226.38,-1.9600000000000364,-0.16007579098675587,-4.408840000000037,9169.258879999992
2018-10-25,2018-10-26,short,1231.86,1233.53,-1.6700000000000728,-0.1355673534330259,-4.133720000000073,9165.125159999992
2018-10-30,2018-10-31,short,1222.97,1214.48,8.490000000000009,0.6942116323376705,6.044060000000009,9171.169219999992
2018-11-06,2018-11-12,short,1227.03,1200.16,26.86999999999989,2.189840509196995,24.415939999999893,9195.585159999993
2018-11-13,2018-11-19,long,1201.99,1223.85,21.8599999999999,1.818650737526926,19.4560199999999,9215.041179999993
2018-11-20,2018-11-22,short,1221.52,1226.96,-5.440000000000055,-0.44534678105966785,-7.8830400000000544,9207.158139999992
2018-11-23,2018-11-29,short,1222.51,1224.03,-1.5199999999999818,-0.12433436127311692,-3.965019999999982,9203.193119999993
2018-11-30,2018-12-06,short,1221.96,1237.76,-15.799999999999955,-1.2930046810042843,-18.243919999999953,9184.949199999992
2018-12-07,2018-12-10,short,1248.41,1244.09,4.320000000000164,0.34604016308746033,1.8231800000001637,9186.772379999991
2018-12-12,2018-12-13,short,1245.39,1242.0,3.3900000000001,0.272203887938726,0.8992200000000996,9187.67159999999
2018-12-17,2018-12-19,short,1245.8,1242.98,2.8199999999999363,0.22636057152030314,0.3283999999999363,9187.99999999999
2018-12-20,2018-12-21,short,1259.69,1255.38,4.309999999999945,0.34214767125244666,1.7906199999999455,9189.79061999999
2018-12-26,2018-12-27,short,1266.78,1275.5,-8.720000000000027,-0.6883594625744034,-11.253560000000027,9178.537059999991
2018-12-28,2018-12-31,short,1280.59,1279.48,1.1099999999999,0.08667879649223405,-1.4511800000000998,9177.085879999991
2019-01-07,2019-01-11,short,1288.72,1287.39,1.3299999999999272,0.10320317834750195,-1.247440000000073,9175.838439999992
2019-01-16,2019-01-17,short,1293.62,1291.78,1.8399999999999181,0.14223651458696668,-0.7472400000000818,9175.091199999992
2019-01-18,2019-01-24,short,1281.18,1280.75,0.43000000000006366,0.033562809285195186,-2.1323599999999363,9172.958839999992
2019-01-28,2019-02-01,short,1303.21,1317.71,-14.5,-1.1126372572340604,-17.10642,9155.852419999992
2019-02-18,2019-02-19,long,1326.06,1341.16,15.100000000000136,1.138711672171707,12.447880000000136,9168.300299999992
2019-02-20,2019-02-21,long,1338.2,1323.3,-14.900000000000091,-1.1134359587505673,-17.576400000000092,9150.723899999992
2019-02-22,2019-02-28,long,1327.56,1313.08,-14.480000000000018,-1.090722829853266,-17.13512000000002,9133.588779999991
2019-03-05,2019-03-11,long,1287.38,1293.27,5.889999999999873,0.4575183706442443,3.3152399999998723,9136.90401999999
2019-03-12,2019-03-14,short,1301.15,1296.08,5.070000000000164,0.38965530492258105,2.4677000000001637,9139.371719999992
2019-03-18,2019-03-20,short,1303.41,1312.34,-8.929999999999836,-0.6851259388833779,-11.536819999999837,9127.834899999993
2019-03-21,2019-03-22,short,1309.28,1313.07,-3.7899999999999636,-0.2894720762556492,-6.408559999999964,9121.426339999993
2019-03-25,2019-03-29,short,1322.01,1292.16,29.84999999999991,2.2579254317289514,27.205979999999908,9148.632319999993
2019-04-05,2019-04-08,short,1291.49,1297.49,-6.0,-0.4645796715421723,-8.58298,9140.049339999994
2019-04-11,2019-04-16,short,1292.26,1276.69,15.569999999999936,1.2048658938603638,12.985479999999937,9153.034819999993
2019-04-17,2019-04-23,short,1273.76,1272.1,1.6600000000000819,0.130322823765865,-0.8875199999999182,9152.147299999993
2019-04-25,2019-05-01,short,1277.18,1276.48,0.7000000000000455,0.05480824942451694,-1.8543599999999545,9150.292939999994
2019-05-06,2019-05-07,long,1280.2,1284.28,4.079999999999927,0.31870020309326097,1.5195999999999272,9151.812539999994
2019-05-09,2019-05-10,long,1283.4,1285.66,2.259999999999991,0.17609474832476163,-0.3068000000000093,9151.505739999993
2019-05-17,2019-05-23,long,1277.48,1283.56,6.079999999999927,0.4759370009706553,3.5250399999999273,9155.030779999994
2019-05-24,2019-05-29,short,1284.8,1280.2,4.599999999999909,0.3580323785803167,2.030399999999909,9157.061179999993
2019-05-30,2019-05-31,short,1288.41,1305.13,-16.720000000000027,-1.297723550733076,-19.29682000000003,9137.764359999994
2019-06-04,2019-06-06,short,1325.59,1335.52,-9.930000000000064,-0.749100400576352,-12.581180000000064,9125.183179999995
2019-06-07,2019-06-10,short,1340.24,1327.84,12.400000000000091,0.9252074255357318,9.719520000000092,9134.902699999995
2019-06-11,2019-06-17,short,1326.65,1339.48,-12.829999999999927,-0.9670975766027157,-15.483299999999927,9119.419399999995
2019-06-20,2019-06-26,long,1388.35,1408.67,20.320000000000164,1.4636078798573966,17.543300000000166,9136.962699999995
2019-07-01,2019-07-03,long,1383.75,1418.41,34.66000000000008,2.5047877145438178,31.892500000000084,9168.855199999995
2019-07-04,2019-07-08,long,1415.29,1395.28,-20.00999999999999,-1.4138445124320804,-22.840579999999992,9146.014619999994
2019-07-10,2019-07-15,long,1417.87,1413.7,-4.169999999999845,-0.2941031265207562,-7.005739999999845,9139.008879999994
2019-07-17,2019-07-23,long,1426.21,1417.6,-8.610000000000127,-0.6036979126496187,-11.462420000000128,9127.546459999994
2019-08-01,2019-08-07,long,1444.89,1501.25,56.3599999999999,3.900642955519098,53.4702199999999,9181.016679999993
2019-08-14,2019-08-15,short,1516.18,1523.42,-7.240000000000009,-0.477515862232717,-10.27236000000001,9170.744319999993
2019-08-16,2019-08-21,short,1512.1,1502.31,9.789999999999964,0.6474439521195664,6.765799999999963,9177.510119999992
2019-08-22,2019-08-28,short,1498.16,1541.01,-42.84999999999991,-2.860175148181763,-45.846319999999906,9131.663799999991
2019-08-30,2019-09-04,long,1520.55,1552.6,32.049999999999955,2.107789944428,29.008899999999954,9160.672699999992
2019-09-11,2019-09-12,long,1496.52,1498.97,2.4500000000000455,0.1637131478363166,-0.5430399999999547,9160.129659999991
2019-09-23,2019-09-25,long,1522.12,1503.64,-18.47999999999979,-1.2140961290831074,-21.52423999999979,9138.60541999999
2019-09-30,2019-10-04,long,1472.29,1504.5,32.210000000000036,2.1877483376237046,29.265420000000034,9167.87083999999
2019-10-09,2019-10-15,long,1505.42,1481.0,-24.420000000000073,-1.6221386722642235,-27.430840000000074,9140.43999999999
2019-10-17,2019-10-18,short,1492.23,1489.93,2.2999999999999545,0.1541317357243826,-0.6844600000000454,9139.75553999999
2019-10-22,2019-10-25,short,1487.77,1504.16,-16.3900000000001,-1.1016487763565672,-19.3655400000001,9120.389999999989
2019-10-29,2019-10-31,short,1487.9,1512.13,-24.230000000000018,-1.6284696552187659,-27.205800000000018,9093.184199999989
2019-11-01,2019-11-07,short,1513.9,1468.52,45.38000000000011,2.9975559812405117,42.35220000000011,9135.536399999988
2019-11-13,2019-11-15,long,1463.26,1467.37,4.1099999999999,0.28087967961947297,1.1834799999999,9136.719879999988
2019-11-20,2019-11-22,long,1471.05,1461.81,-9.240000000000009,-0.6281227694503932,-12.182100000000009,9124.537779999988
2019-11-29,2019-12-03,long,1463.83,1477.32,13.490000000000009,0.9215550986111782,10.56234000000001,9135.100119999988
2019-12-05,2019-12-06,long,1475.76,1459.53,-16.230000000000018,-1.0997723207025545,-19.181520000000017,9115.918599999988
2019-12-12,2019-12-17,long,1469.4,1475.99,6.589999999999918,0.4484823737579908,3.651199999999918,9119.569799999988
2019-12-30,2020-01-03,long,1514.96,1551.44,36.48000000000002,2.407984369224271,33.45008000000002,9153.019879999989
2020-01-06,2020-01-09,long,1565.63,1552.08,-13.550000000000182,-0.8654662979120342,-16.681260000000183,9136.33861999999
2020-01-14,2020-01-20,long,1546.25,1560.5,14.25,0.9215844785772029,11.157499999999999,9147.496119999989
2020-01-28,2020-02-03,short,1567.78,1576.3,-8.519999999999982,-0.543443595402415,-11.655559999999982,9135.84055999999
2020-02-04,2020-02-05,long,1552.74,1556.41,3.6700000000000728,0.23635637646998675,0.5645200000000727,9136.40507999999
2020-02-10,2020-02-11,long,1571.87,1567.63,-4.239999999999782,-0.26974240872335387,-7.383739999999781,9129.02133999999
2020-02-17,2020-02-21,long,1580.86,1643.73,62.87000000000012,3.97694925546855,59.708280000000116,9188.729619999991
2020-02-27,2020-03-04,short,1644.23,1635.73,8.5,0.5169593061797924,5.211539999999999,9193.941159999991
2020-03-10,2020-03-11,long,1649.37,1636.63,-12.739999999999782,-0.7724161346453363,-16.03873999999978,9177.902419999991
2020-03-13,2020-03-17,long,1529.78,1527.8,-1.9800000000000182,-0.12943037560956597,-5.039560000000018,9172.862859999992
2020-03-18,2020-03-23,long,1484.63,1552.39,67.75999999999999,4.564100146164363,64.79073999999999,9237.653599999992
2020-03-25,2020-03-31,long,1616.35,1576.78,-39.569999999999936,-2.448108392365511,-42.80269999999994,9194.850899999992
2020-04-02,2020-04-08,long,1611.66,1645.4,33.74000000000001,2.0934936649169185,30.516680000000008,9225.367579999993
2020-04-13,2020-04-16,short,1711.98,1718.38,-6.400000000000091,-0.37383614294560047,-9.823960000000092,9215.543619999993
2020-04-23,2020-04-24,short,1730.31,1726.41,3.8999999999998636,0.22539313764584748,0.43937999999986355,9215.982999999993
2020-05-08,2020-05-12,short,1702.09,1702.26,-0.17000000000007276,-0.00998772097833092,-3.5741800000000725,9212.408819999993
2020-05-14,2020-05-20,short,1730.06,1747.21,-17.15000000000009,-0.991295099591927,-20.61012000000009,9191.798699999994
2020-05-26,2020-05-27,long,1710.31,1709.57,-0.7400000000000091,-0.04326701007419761,-4.160620000000009,9187.638079999993
2020-05-28,2020-06-01,long,1718.68,1739.48,20.799999999999955,1.2102311075941976,17.362639999999953,9205.000719999993
2020-06-03,2020-06-04,long,1698.26,1712.8,14.539999999999964,0.8561704332669888,11.143479999999963,9216.144199999993
2020-06-05,2020-06-11,long,1684.3,1728.56,44.25999999999999,2.627797898236656,40.89139999999999,9257.035599999994
2020-06-12,2020-06-16,short,1730.57,1726.41,4.1599999999998545,0.24038322633582312,0.6988599999998546,9257.734459999994
2020-06-22,2020-06-24,short,1754.55,1761.28,-6.730000000000018,-0.383574135818302,-10.239100000000018,9247.495359999994
2020-06-29,2020-07-01,short,1772.6,1769.84,2.759999999999991,0.1557034864041516,-0.785200000000009,9246.710159999993
2020-07-06,2020-07-10,short,1784.25,1798.57,-14.319999999999936,-0.8025781140535202,-17.888499999999937,9228.821659999994
2020-07-16,2020-07-20,long,1796.84,1817.21,20.37000000000012,1.1336568642728413,16.77632000000012,9245.597979999995
2020-07-21,2020-07-27,long,1841.48,1940.96,99.48000000000002,5.40217651019832,95.79704000000002,9341.395019999994
2020-08-05,2020-08-07,short,2038.96,2033.15,5.809999999999945,0.2849491897830239,1.7320799999999457,9343.127099999994
2020-08-12,2020-08-18,short,1918.98,2002.22,-83.24000000000001,-4.337721080990944,-87.07796,9256.049139999994
2020-08-19,2020-08-20,short,1927.66,1946.17,-18.50999999999999,-0.9602315761078194,-22.36531999999999,9233.683819999993
2020-08-21,2020-08-25,short,1938.98,1926.87,12.110000000000127,0.6245551784959168,8.232040000000127,9241.915859999994
2020-08-27,2020-09-02,short,1928.32,1943.08,-14.759999999999991,-0.7654331231330895,-18.61663999999999,9223.299219999994
2020-09-03,2020-09-09,long,1930.45,1947.37,16.919999999999845,0.8764795773006213,13.059099999999844,9236.358319999994
2020-09-10,2020-09-11,long,1946.01,1940.48,-5.529999999999973,-0.28417120158683523,-9.422019999999973,9226.936299999994
2020-09-18,2020-09-24,long,1950.42,1868.66,-81.75999999999999,-4.191917638252273,-85.66084,9141.275459999993
2020-09-25,2020-09-28,short,1860.14,1881.84,-21.699999999999818,-1.1665788596557152,-25.420279999999817,9115.855179999993
2020-09-30,2020-10-01,short,1885.23,1905.94,-20.710000000000036,-1.0985397007261732,-24.480460000000036,9091.374719999993
2020-10-06,2020-10-12,short,1877.56,1922.63,-45.070000000000164,-2.4004559108630437,-48.82512000000016,9042.549599999993
2020-10-20,2020-10-26,long,1907.53,1901.68,-5.849999999999909,-0.3066793182807038,-9.665059999999908,9032.884539999994
2020-10-27,2020-10-28,short,1907.35,1876.81,30.539999999999964,1.6011744042781852,26.725299999999965,9059.609839999994
2020-11-05,2020-11-11,short,1949.17,1865.5,83.67000000000007,4.2925963358763,79.77166000000007,9139.381499999994
2020-11-13,2020-11-18,short,1889.28,1871.97,17.309999999999945,0.9162220528455256,13.531439999999945,9152.912939999995
2020-11-25,2020-11-26,short,1807.07,1810.2,-3.130000000000109,-0.17320856413974606,-6.744140000000109,9146.168799999994
2020-11-30,2020-12-04,short,1777.64,1838.6,-60.95999999999981,-3.4292657680970167,-64.5152799999998,9081.653519999994
2020-12-11,2020-12-17,long,1839.91,1886.04,46.12999999999988,2.5071878515796904,42.45017999999988,9124.103699999994
2020-12-18,2020-12-21,short,1880.55,1876.25,4.2999999999999545,0.22865651006354284,0.5388999999999546,9124.642599999994
2020-12-22,2020-12-29,short,1859.91,1878.17,-18.25999999999999,-0.9817679350076073,-21.97981999999999,9102.662779999993
2020-12-30,2021-01-04,long,1893.81,1943.23,49.42000000000007,2.6095542847487376,45.632380000000076,9148.295159999994
2021-01-06,2021-01-11,long,1918.79,1844.45,-74.33999999999992,-3.8743166266240663,-78.17757999999992,9070.117579999995
2021-01-12,2021-01-18,long,1855.31,1837.52,-17.789999999999964,-0.9588694072688642,-21.500619999999962,9048.616959999994
2021-01-20,2021-01-26,short,1871.42,1851.43,19.99000000000001,1.0681728313259455,16.247160000000008,9064.864119999995
2021-01-27,2021-01-28,long,1843.83,1842.61,-1.2200000000000273,-0.06616662056697349,-4.907660000000027,9059.956459999994
2021-02-02,2021-02-08,long,1837.65,1830.13,-7.519999999999982,-0.40921829510516045,-11.195299999999982,9048.761159999995
2021-02-10,2021-02-11,short,1842.35,1825.47,16.87999999999988,0.9162211306212111,13.195299999999882,9061.956459999994
2021-02-23,2021-03-01,short,1805.07,1724.79,80.27999999999997,4.447472951187487,76.66985999999997,9138.626319999994
2021-03-08,2021-03-09,long,1682.53,1715.59,33.059999999999945,1.9648980998852885,29.694939999999946,9168.321259999993
2021-03-12,2021-03-15,long,1726.92,1732.11,5.189999999999827,0.3005350566326076,1.7361599999998272,9170.057419999994
2021-03-17,2021-03-23,long,1744.54,1726.89,-17.649999999999864,-1.0117280199938015,-21.139079999999865,9148.918339999995
2021-03-24,2021-03-26,short,1733.83,1732.7,1.1299999999998818,0.06517363293978544,-2.337660000000118,9146.580679999995
2021-03-29,2021-03-31,short,1711.81,1707.7,4.1099999999999,0.24009673970825618,0.6863799999998998,9147.267059999995
2021-04-01,2021-04-08,short,1729.49,1756.14,-26.65000000000009,-1.540916686422014,-30.10898000000009,9117.158079999994
2021-04-09,2021-04-15,long,1743.46,1763.5,20.039999999999964,1.1494384729216596,16.553079999999962,9133.711159999993
2021-04-16,2021-04-20,short,1776.67,1778.55,-1.8799999999998818,-0.10581593655545948,-5.433339999999882,9128.277819999994
2021-04-26,2021-04-27,short,1781.39,1776.7,4.690000000000055,0.2632775529221594,1.1272200000000545,9129.405039999994
2021-05-06,2021-05-10,short,1815.22,1835.54,-20.319999999999936,-1.1194235409482012,-23.950439999999936,9105.454599999994
2021-05-12,2021-05-14,short,1816.11,1842.56,-26.450000000000045,-1.4564095787149482,-30.082220000000046,9075.372379999993
2021-05-21,2021-05-25,short,1881.74,1899.18,-17.440000000000055,-0.9268017898328172,-21.203480000000056,9054.168899999993
2021-05-28,2021-06-02,short,1903.18,1908.66,-5.480000000000018,-0.28793913345033145,-9.286360000000018,9044.882539999993
2021-06-16,2021-06-22,short,1810.21,1778.63,31.579999999999927,1.7445489749807992,27.959579999999928,9072.842119999994
2021-06-23,2021-06-24,long,1778.4,1774.96,-3.4400000000000546,-0.19343229869545964,-6.996800000000055,9065.845319999993
2021-06-25,2021-06-29,long,1781.11,1761.08,-20.029999999999973,-1.1245796160821047,-23.592219999999973,9042.253099999993
2021-07-02,2021-07-08,long,1787.33,1802.35,15.019999999999982,0.8403596425953788,11.445339999999982,9053.698439999993
2021-07-15,2021-07-19,short,1829.45,1812.61,16.840000000000146,0.9204952308070811,13.181100000000146,9066.879539999993
2021-07-21,2021-07-23,short,1803.42,1801.93,1.490000000000009,0.08262079826108222,-2.116839999999991,9064.762699999992
2021-07-26,2021-07-29,short,1797.65,1827.79,-30.139999999999873,-1.676633382471553,-33.735299999999874,9031.027399999992
2021-08-02,2021-08-06,short,1813.11,1763.18,49.929999999999836,2.753831813844711,46.30377999999983,9077.331179999992
2021-08-11,2021-08-17,long,1751.5,1785.8,34.299999999999955,1.9583214387667687,30.796999999999954,9108.128179999992
2021-08-19,2021-08-20,short,1780.0,1780.94,-0.9400000000000546,-0.052808988764048014,-4.500000000000055,9103.628179999992
2021-08-23,2021-08-26,short,1805.18,1791.69,13.490000000000009,0.7472938986693852,9.879640000000009,9113.507819999992
2021-08-30,2021-08-31,short,1810.13,1814.26,-4.129999999999882,-0.2281604083684532,-7.750259999999882,9105.757559999991
2021-09-08,2021-09-09,short,1789.29,1794.36,-5.069999999999936,-0.2833526147242726,-8.648579999999937,9097.108979999992
2021-09-14,2021-09-17,short,1804.69,1753.92,50.76999999999998,2.8132255401204627,47.16061999999998,9144.269599999992
2021-09-24,2021-09-27,short,1749.72,1750.15,-0.43000000000006366,-0.02457536062913287,-3.929440000000064,9140.340159999992
2021-10-06,2021-10-08,short,1762.87,1757.1,5.769999999999982,0.32730717523129793,2.244259999999982,9142.584419999992
2021-10-12,2021-10-14,short,1760.19,1795.92,-35.73000000000002,-2.0298945000255664,-39.25038000000002,9103.334039999992
2021-10-15,2021-10-18,short,1767.42,1764.53,2.8900000000001,0.16351518031934117,-0.6448399999999004,9102.689199999993
2021-10-25,2021-10-26,short,1807.43,1793.0,14.430000000000064,0.7983711679013883,10.815140000000063,9113.504339999994
2021-11-03,2021-11-05,short,1769.89,1817.84,-47.94999999999982,-2.7092079168761796,-51.48977999999982,9062.014559999994
2021-11-09,2021-11-11,short,1831.68,1861.77,-30.089999999999918,-1.6427541928721128,-33.753359999999915,9028.261199999994
2021-11-23,2021-11-24,short,1789.28,1788.64,0.6399999999998727,0.03576857730483058,-2.9385600000001273,9025.322639999993
2021-12-03,2021-12-07,short,1783.88,1784.16,-0.2799999999999727,-0.01569612305760324,-3.847759999999973,9021.474879999992
2021-12-08,2021-12-14,short,1782.49,1770.58,11.910000000000082,0.6681664413264636,8.345020000000082,9029.819899999993
2021-12-22,2021-12-28,short,1803.54,1806.13,-2.5900000000001455,-0.1436064628453012,-6.197080000000145,9023.622819999993
2021-12-29,2022-01-04,short,1803.9,1814.36,-10.459999999999809,-0.579854759132979,-14.06779999999981,9009.555019999993
2022-01-06,2022-01-07,long,1789.72,1796.3,6.579999999999927,0.36765527568557804,3.0005599999999273,9012.555579999993
2022-01-11,2022-01-17,long,1821.43,1819.11,-2.3200000000001637,-0.12737244911965673,-5.962860000000164,9006.592719999993
2022-01-20,2022-01-25,short,1839.53,1847.69,-8.160000000000082,-0.4435915695857139,-11.839060000000082,8994.753659999993
2022-01-27,2022-01-28,short,1796.7,1791.58,5.120000000000118,0.2849668837312917,1.5266000000001179,8996.280259999992
2022-02-07,2022-02-09,short,1820.48,1832.87,-12.389999999999873,-0.6805897345754897,-16.030959999999872,8980.249299999992
2022-03-04,2022-03-07,short,1969.74,1997.24,-27.5,-1.3961233462284361,-31.43948,8948.809819999993
2022-03-09,2022-03-15,short,1992.39,1917.56,74.83000000000015,3.7557907839328717,70.84522000000015,9019.655039999994
2022-03-18,2022-03-24,short,1920.74,1956.95,-36.210000000000036,-1.8852109082957629,-40.05148000000003,8979.603559999994
2022-03-29,2022-04-04,long,1919.31,1932.72,13.410000000000082,0.6986885912124713,9.571380000000081,8989.174939999994
2022-04-18,2022-04-22,long,1978.71,1931.91,-46.799999999999955,-2.3651773124914692,-50.757419999999954,8938.417519999994
2022-04-25,2022-04-26,short,1897.67,1906.14,-8.470000000000027,-0.44633682357838966,-12.265340000000027,8926.152179999994
2022-04-28,2022-05-03,short,1894.22,1868.01,26.210000000000036,1.3836829935276806,22.421560000000035,8948.573739999994
2022-05-10,2022-05-12,short,1838.24,1821.94,16.299999999999955,0.8867177300026088,12.623519999999955,8961.197259999994
2022-05-13,2022-05-16,short,1811.66,1824.79,-13.129999999999882,-0.7247496770917214,-16.75331999999988,8944.443939999994
2022-05-24,2022-05-25,short,1866.14,1853.79,12.350000000000136,0.6617938632685724,8.617720000000137,8953.061659999994
2022-05-27,2022-05-30,short,1852.98,1855.1,-2.119999999999891,-0.11441030124447597,-5.825959999999891,8947.235699999994
2022-06-02,2022-06-03,short,1868.36,1851.16,17.199999999999818,0.9205934616454976,13.463279999999818,8960.698979999994
2022-06-06,2022-06-08,short,1842.14,1852.83,-10.689999999999827,-0.5803033428512396,-14.374279999999828,8946.324699999994
2022-06-10,2022-06-13,short,1871.57,1819.11,52.460000000000036,2.8029942775317,48.71686000000004,8995.041559999994
2022-06-14,2022-06-20,short,1809.31,1838.41,-29.100000000000136,-1.608347933742705,-32.718620000000136,8962.322939999995
2022-07-06,2022-07-07,short,1739.08,1740.09,-1.009999999999991,-0.05807668422384197,-4.488159999999991,8957.834779999994
2022-07-19,2022-07-22,short,1711.56,1727.38,-15.820000000000164,-0.9243029750636942,-19.243120000000165,8938.591659999993
2022-07-26,2022-07-29,short,1717.2,1766.0,-48.799999999999955,-2.8418355462380593,-52.23439999999995,8886.357259999993
2022-08-10,2022-08-15,short,1792.19,1779.42,12.769999999999982,0.7125360592347899,9.185619999999982,8895.542879999994
2022-08-16,2022-08-19,short,1775.46,1747.28,28.180000000000064,1.5871943045745927,24.629080000000062,8920.171959999994
2022-08-24,2022-08-30,short,1751.29,1724.23,27.059999999999945,1.5451467204175178,23.557419999999944,8943.729379999993
2022-09-01,2022-09-02,long,1697.55,1712.78,15.230000000000018,0.8971753409325215,11.834900000000019,8955.564279999993
2022-09-05,2022-09-07,long,1710.07,1718.27,8.200000000000045,0.4795125345746107,4.7798600000000455,8960.344139999994
2022-09-08,2022-09-09,long,1708.42,1716.85,8.429999999999836,0.4934383816625792,5.013159999999836,8965.357299999994
2022-09-12,2022-09-13,long,1724.69,1702.32,-22.37000000000012,-1.2970446862914562,-25.81938000000012,8939.537919999993
2022-09-19,2022-09-23,long,1675.71,1644.87,-30.840000000000146,-1.8404139141020908,-34.19142000000014,8905.346499999992
2022-09-26,2022-09-30,short,1622.4,1660.79,-38.38999999999987,-2.3662475345167575,-41.63479999999987,8863.711699999993
2022-10-03,2022-10-05,long,1699.62,1716.25,16.63000000000011,0.978454007366359,13.23076000000011,8876.942459999993
2022-10-11,2022-10-17,long,1666.1,1650.57,-15.529999999999973,-0.9321169197527143,-18.862199999999973,8858.080259999993
2022-10-24,2022-10-28,short,1649.36,1644.6,4.759999999999991,0.2885967890575733,1.461279999999991,8859.541539999993
2022-11-01,2022-11-02,long,1647.66,1635.07,-12.590000000000146,-0.7641139555490905,-15.885320000000146,8843.656219999993
2022-11-03,2022-11-04,long,1629.55,1680.79,51.24000000000001,3.1444263753797066,47.980900000000005,8891.637119999994
2022-11-17,2022-11-22,long,1760.17,1739.97,-20.200000000000045,-1.14761642341365,-23.720340000000046,8867.916779999994
2022-11-25,2022-11-30,long,1754.65,1768.39,13.740000000000009,0.7830621491465539,10.23070000000001,8878.147479999994
2022-12-01,2022-12-02,long,1802.86,1797.98,-4.879999999999882,-0.27068102903164315,-8.485719999999882,8869.661759999994
2022-12-06,2022-12-07,long,1770.99,1785.98,14.990000000000009,0.8464192344394947,11.448020000000009,8881.109779999993
2022-12-09,2022-12-12,long,1797.46,1781.27,-16.190000000000055,-0.900715454029578,-19.784920000000056,8861.324859999993
2022-12-16,2022-12-22,long,1793.1,1792.4,-0.6999999999998181,-0.039038536612560265,-4.286199999999818,8857.038659999993
2022-12-30,2023-01-03,short,1824.2,1839.47,-15.269999999999982,-0.8370792676241631,-18.91839999999998,8838.120259999992
2023-01-10,2023-01-12,short,1876.91,1896.75,-19.839999999999918,-1.0570565450660883,-23.59381999999992,8814.526439999992
2023-01-17,2023-01-19,short,1908.59,1932.12,-23.529999999999973,-1.232847285168631,-27.347179999999973,8787.179259999992
2023-01-20,2023-01-26,short,1925.92,1928.94,-3.019999999999982,-0.15680817479438303,-6.871839999999982,8780.307419999992
2023-01-27,2023-02-01,long,1928.3,1950.06,21.75999999999999,1.128455115905201,17.90339999999999,8798.210819999991
2023-03-06,2023-03-10,long,1846.61,1867.15,20.54000000000019,1.1123085004413598,16.84678000000019,8815.057599999991
2023-03-17,2023-03-23,short,1988.17,1993.97,-5.7999999999999545,-0.29172555666768707,-9.776339999999955,8805.28125999999
2023-03-27,2023-03-29,short,1956.35,1964.37,-8.019999999999982,-0.40994709535614704,-11.932699999999983,8793.348559999991
2023-03-30,2023-03-31,short,1980.21,1969.41,10.799999999999955,0.5453967003499606,6.8395799999999545,8800.188139999991
2023-04-13,2023-04-14,short,2040.1,2004.42,35.679999999999836,1.7489338757903945,31.59979999999984,8831.787939999991
2023-04-20,2023-04-26,short,2004.7,1989.29,15.410000000000082,0.768693570110245,11.400600000000082,8843.188539999992
2023-04-28,2023-05-01,long,1989.55,1982.44,-7.1099999999999,-0.35736724384910656,-11.089099999999899,8832.099439999993
2023-05-02,2023-05-08,long,2016.53,2021.36,4.829999999999927,0.2395203641899663,0.7969399999999274,8832.896379999993
2023-05-09,2023-05-10,short,2034.42,2030.1,4.320000000000164,0.21234553337069845,0.2511600000001639,8833.147539999993
2023-05-16,2023-05-17,short,1988.81,1981.41,7.399999999999864,0.37208179765788907,3.4223799999998636,8836.569919999993
2023-05-23,2023-05-25,short,1974.88,1940.69,34.190000000000055,1.7312444300413214,30.240240000000053,8866.810159999992
2023-05-29,2023-06-02,short,1943.15,1947.62,-4.4699999999998,-0.23003885443737226,-8.3562999999998,8858.453859999992
2023-06-07,2023-06-08,short,1939.87,1965.44,-25.570000000000164,-1.3181295653832559,-29.449740000000162,8829.004119999992
2023-06-12,2023-06-16,short,1957.34,1957.51,-0.17000000000007276,-0.00868525652160957,-4.0846800000000725,8824.919439999992
2023-06-19,2023-06-20,long,1950.48,1936.08,-14.400000000000091,-0.7382798080472546,-18.300960000000092,8806.618479999992
2023-06-27,2023-07-03,long,1913.62,1921.48,7.860000000000127,0.41073985430754945,4.032760000000128,8810.651239999992
2023-07-05,2023-07-06,long,1915.21,1910.93,-4.279999999999973,-0.22347418820912449,-8.110419999999973,8802.540819999993
2023-07-11,2023-07-14,long,1932.09,1955.45,23.360000000000127,1.2090534084851188,19.495820000000126,8822.036639999993
2023-07-21,2023-07-27,long,1961.84,1945.52,-16.319999999999936,-0.8318721200505615,-20.243679999999937,8801.792959999993
2023-08-01,2023-08-07,long,1944.19,1936.52,-7.670000000000073,-0.3945087671472476,-11.558380000000072,8790.234579999993
2023-08-17,2023-08-18,short,1889.33,1889.37,-0.03999999999996362,-0.0021171526414106388,-3.8186599999999635,8786.415919999992
2023-09-01,2023-09-04,short,1939.85,1938.47,1.3799999999998818,0.07113952109698594,-2.499700000000118,8783.916219999992
2023-09-11,2023-09-15,short,1922.33,1923.68,-1.3500000000001364,-0.07022727627411196,-5.194660000000136,8778.72155999999
2023-09-18,2023-09-19,short,1933.61,1931.34,2.269999999999982,0.11739699318890479,-1.5972200000000183,8777.124339999991
2023-09-26,2023-09-28,short,1900.58,1864.8,35.77999999999997,1.8825832114407168,31.978839999999973,8809.103179999991
2023-10-02,2023-10-03,short,1827.77,1822.94,4.829999999999927,0.26425644364443707,1.174459999999927,8810.277639999991
2023-10-10,2023-10-11,short,1860.42,1874.27,-13.849999999999909,-0.7444555530471565,-17.570839999999908,8792.70679999999
2023-10-12,2023-10-13,short,1868.73,1932.41,-63.680000000000064,-3.4076618880202094,-67.41746000000006,8725.28933999999
2023-10-16,2023-10-17,short,1920.06,1923.05,-2.990000000000009,-0.15572430028228332,-6.830120000000009,8718.45921999999
2023-10-18,2023-10-19,short,1947.62,1974.28,-26.660000000000082,-1.3688501863813314,-30.555240000000083,8687.90397999999
2023-10-26,2023-10-31,short,1984.73,1983.97,0.7599999999999909,0.038292362185284194,-3.2094600000000093,8684.69451999999
2023-11-07,2023-11-08,short,1969.03,1950.2,18.829999999999927,0.9563084361335241,14.891939999999927,8699.58645999999
2023-11-13,2023-11-14,short,1946.1,1963.16,-17.060000000000173,-0.8766250449617272,-20.952200000000172,8678.63425999999
2023-11-20,2023-11-21,short,1977.65,1998.26,-20.6099999999999,-1.0421459813414862,-24.5652999999999,8654.06895999999
2023-11-24,2023-11-27,short,2002.33,2014.18,-11.850000000000136,-0.5918105407200679,-15.854660000000138,8638.214299999989
2023-11-30,2023-12-04,short,2036.09,2028.89,7.199999999999818,0.35361894611730416,3.1278199999998177,8641.342119999988
2023-12-05,2023-12-06,short,2019.36,2025.26,-5.900000000000091,-0.29217177719674015,-9.93872000000009,8631.403399999988
2023-12-08,2023-12-13,short,2004.04,2027.23,-23.190000000000055,-1.157162531685997,-27.198080000000054,8604.205319999988
2023-12-15,2023-12-18,short,2019.02,2027.21,-8.190000000000055,-0.4056423413339172,-12.228040000000053,8591.977279999988
2023-12-29,2024-01-02,short,2062.67,2058.91,3.7600000000002183,0.1822880053522967,-0.3653399999997822,8591.611939999988
2024-01-03,2024-01-09,short,2041.27,2030.21,11.059999999999945,0.5418195535132514,6.977459999999946,8598.589399999988
2024-01-10,2024-01-11,short,2024.32,2028.54,-4.220000000000027,-0.20846506481188878,-8.268640000000026,8590.320759999988
2024-01-15,2024-01-19,short,2054.6,2029.33,25.269999999999982,1.2299230993867412,21.16079999999998,8611.481559999987
2024-02-05,2024-02-07,short,2025.03,2035.0,-9.970000000000027,-0.4923383851103454,-14.020060000000028,8597.461499999987
2024-02-08,2024-02-12,short,2034.33,2019.94,14.389999999999873,0.7073581965561081,10.321339999999873,8607.782839999987
2024-02-19,2024-02-22,short,2017.91,2024.27,-6.3599999999999,-0.31517758472874907,-10.395819999999901,8597.387019999987
2024-02-23,2024-02-26,short,2035.52,2031.16,4.3599999999999,0.21419588115075752,0.28895999999989996,8597.675979999987
2024-03-01,2024-03-07,short,2083.26,2159.93,-76.66999999999962,-3.6802895461920073,-80.83651999999962,8516.839459999988
2024-03-08,2024-03-11,short,2178.55,2182.65,-4.099999999999909,-0.18819857244497068,-8.45709999999991,8508.382359999989
2024-03-13,2024-03-19,short,2174.32,2157.48,16.840000000000146,0.774495014533286,12.491360000000146,8520.873719999989
2024-03-20,2024-03-26,long,2186.24,2178.63,-7.609999999999673,-0.348086211943779,-11.982479999999672,8508.891239999988
2024-03-28,2024-04-04,short,2232.88,2290.95,-58.06999999999971,-2.6006771523771857,-62.53575999999971,8446.35547999999
2024-04-05,2024-04-11,long,2329.28,2372.41,43.129999999999654,1.8516451435636614,38.47143999999965,8484.826919999989
2024-04-17,2024-04-18,short,2361.16,2378.86,-17.700000000000273,-0.7496315370411271,-22.422320000000273,8462.404599999989
2024-04-24,2024-04-30,short,2315.96,2286.3,29.659999999999854,1.2806784227706807,25.028079999999854,8487.432679999989
2024-05-01,2024-05-02,long,2319.48,2303.51,-15.9699999999998,-0.6885163916050063,-20.6089599999998,8466.82371999999
2024-05-03,2024-05-09,long,2301.67,2346.02,44.34999999999991,1.9268618003449631,39.746659999999906,8506.57037999999
2024-05-14,2024-05-15,long,2358.0,2385.76,27.76000000000022,1.1772688719253699,23.044000000000217,8529.61437999999
2024-05-17,2024-05-23,long,2413.84,2328.55,-85.28999999999996,-3.5333742087296574,-90.11767999999996,8439.49669999999
2024-05-24,2024-05-27,long,2333.86,2350.08,16.2199999999998,0.6949859888767878,11.5522799999998,8451.04897999999
2024-05-28,2024-05-29,long,2361.13,2338.0,-23.13000000000011,-0.9796156924862295,-27.852260000000108,8423.19671999999
2024-06-03,2024-06-04,long,2350.45,2326.79,-23.659999999999854,-1.0066157544299967,-28.360899999999855,8394.835819999991
2024-06-13,2024-06-19,long,2303.85,2327.98,24.13000000000011,1.047377216398642,19.522300000000108,8414.358119999992
2024-06-21,2024-06-24,long,2321.42,2334.43,13.009999999999764,0.5604328385212397,8.367159999999764,8422.725279999991
2024-07-02,2024-07-03,long,2329.35,2356.07,26.720000000000255,1.147101122630788,22.061300000000255,8444.78657999999
2024-07-04,2024-07-10,long,2356.1,2371.26,15.16000000000031,0.6434361869190743,10.44780000000031,8455.23437999999
2024-07-16,2024-07-22,long,2468.69,2396.35,-72.34000000000015,-2.930299065496281,-77.27738000000015,8377.956999999991
2024-08-12,2024-08-13,short,2472.03,2464.98,7.050000000000182,0.2851907137049381,2.1059400000001816,8380.06293999999
2024-08-20,2024-08-22,short,2514.01,2484.73,29.2800000000002,1.1646731715466605,24.2519800000002,8404.314919999992
2024-09-06,2024-09-09,short,2497.61,2506.22,-8.609999999999673,-0.34472956146074335,-13.605219999999672,8390.709699999992
2024-09-12,2024-09-16,short,2558.6,2582.42,-23.820000000000164,-0.930977878527326,-28.937200000000164,8361.772499999992
2024-09-23,2024-09-25,short,2628.39,2657.02,-28.63000000000011,-1.089259965225865,-33.88678000000011,8327.885719999991
2024-10-01,2024-10-03,short,2663.37,2656.01,7.359999999999673,0.2763416273367828,2.0332599999996726,8329.918979999991
2024-10-10,2024-10-11,short,2630.05,2656.38,-26.329999999999927,-1.001121651679623,-31.59009999999993,8298.328879999992
2024-10-14,2024-10-15,short,2648.52,2662.64,-14.11999999999989,-0.533127935601766,-19.41703999999989,8278.911839999992
2024-10-18,2024-10-24,short,2721.91,2735.84,-13.930000000000291,-0.5117729829421359,-19.37382000000029,8259.53801999999
2024-10-28,2024-11-01,long,2742.24,2735.84,-6.399999999999636,-0.23338584514847852,-11.884479999999636,8247.653539999992
2024-11-07,2024-11-13,short,2706.24,2572.7,133.53999999999996,4.934521698001655,128.12751999999998,8375.781059999992
2024-11-15,2024-11-19,long,2561.78,2632.11,70.32999999999993,2.745356744138838,65.20643999999993,8440.987499999992
2024-11-20,2024-11-22,long,2650.08,2715.34,65.26000000000022,2.4625671677836225,59.95984000000022,8500.947339999992
2024-11-27,2024-11-28,long,2635.95,2637.07,1.1200000000003456,0.042489425064980206,-4.151899999999654,8496.795439999993
2024-12-03,2024-12-06,long,2643.5,2632.67,-10.829999999999927,-0.4096841308870788,-16.116999999999926,8480.678439999992
2024-12-09,2024-12-10,long,2660.18,2693.8,33.620000000000346,1.2638242524942052,28.299640000000345,8508.978079999993
2024-12-11,2024-12-16,long,2717.95,2652.62,-65.32999999999993,-2.403649809599144,-70.76589999999993,8438.212179999993
2024-12-19,2024-12-20,long,2594.39,2623.03,28.640000000000327,1.1039203820551393,23.451220000000326,8461.663399999994
2024-12-23,2024-12-26,long,2612.77,2633.53,20.76000000000022,0.7945590312197484,15.53446000000022,8477.197859999995
2025-01-07,2025-01-08,long,2648.42,2661.44,13.019999999999982,0.4916138678910438,7.723159999999981,8484.921019999994
2025-01-09,2025-01-15,long,2670.34,2696.28,25.940000000000055,0.9714118801351158,20.599320000000056,8505.520339999994
2025-01-16,2025-01-22,long,2714.26,2756.18,41.91999999999962,1.5444356841275197,36.49147999999962,8542.011819999992
2025-01-24,2025-01-27,short,2771.48,2740.7,30.7800000000002,1.1105979476669576,25.2370400000002,8567.248859999992
2025-01-29,2025-02-04,short,2759.68,2842.01,-82.33000000000038,-2.9833169063079916,-87.84936000000039,8479.399499999992
2025-02-14,2025-02-20,short,2882.21,2938.87,-56.659999999999854,-1.9658525922816121,-62.424419999999856,8416.975079999993
2025-02-21,2025-02-27,long,2935.28,2876.85,-58.43000000000029,-1.9906107764847063,-64.30056000000029,8352.674519999993
2025-03-03,2025-03-04,short,2892.04,2917.46,-25.420000000000073,-0.8789643296773237,-31.204080000000072,8321.470439999994
2025-03-05,2025-03-11,short,2918.42,2915.05,3.369999999999891,0.11547344110854128,-2.4668400000001096,8319.003599999993
2025-03-12,2025-03-13,long,2933.24,2988.21,54.970000000000255,1.8740369011741371,49.10352000000026,8368.107119999993
2025-03-17,2025-03-18,long,3000.43,3034.23,33.80000000000018,1.1265052009212075,27.799140000000182,8395.906259999994
2025-03-20,2025-03-26,long,3044.22,3019.0,-25.2199999999998,-0.8284552364809312,-31.3084399999998,8364.597819999994
2025-03-31,2025-04-02,long,3122.89,3135.72,12.829999999999927,0.41083739741072944,6.584219999999927,8371.182039999994
2025-04-08,2025-04-09,long,2982.79,3082.67,99.88000000000011,3.3485428072375227,93.9144200000001,8465.096459999995
2025-04-11,2025-04-17,long,3236.91,3327.05,90.14000000000033,2.784754596204415,83.66618000000032,8548.762639999995
2025-04-25,2025-04-30,short,3318.87,3288.0,30.86999999999989,0.9301358594943427,24.23225999999989,8572.994899999996
2025-05-06,2025-05-07,short,3431.48,3364.32,67.15999999999985,1.957172998239822,60.29703999999985,8633.291939999996
2025-05-15,2025-05-20,short,3239.85,3289.82,-49.970000000000255,-1.5423553559578453,-56.449700000000256,8576.842239999994
2025-05-21,2025-05-22,short,3314.89,3294.63,20.259999999999764,0.6111816681699774,13.630219999999763,8590.472459999994
2025-05-30,2025-06-02,short,3288.93,3380.64,-91.71000000000004,-2.788444874168804,-98.28786000000004,8492.184599999993
