entry_date,exit_date,position,entry_price,exit_price,position_size,pnl,balance,return_pct,close_reason
4312,4313,long,1728.36,1743.06,1.1571663310884308,17.010345066999985,517.010345067,3.402069013399997,signal_change
4313,4316,short,1743.06,1743.46,1.1864430256376717,-0.47457721025517663,516.5357678567449,-0.09491544205103532,signal_change
4316,4317,long,1743.46,1732.34,1.1850820044205084,-13.178111889156192,503.3576559675887,-2.6356223778312384,signal_change
4317,4320,short,1732.34,1763.5,1.1622606554546768,-36.21604202396782,467.1416139436209,-7.243208404793565,signal_change
4320,4321,long,1763.5,1776.67,1.0595783701584822,13.954647134987288,481.09626107860817,2.790929426997458,signal_change
4321,4324,short,1776.67,1793.92,1.08314151998651,-18.6841912197673,462.4120698588409,-3.73683824395346,signal_change
4324,4325,long,1793.92,1784.36,1.0310650861996986,-9.856982224069299,452.55508763477155,-1.9713964448138597,signal_change
4325,4326,short,1784.36,1776.48,1.0144927876320284,7.994203166540265,460.5492908013118,1.598840633308053,signal_change
4326,4327,long,1776.48,1781.39,1.036992909126614,5.09163518381176,465.6409259851236,1.018327036762352,signal_change
4327,4330,short,1781.39,1772.28,1.0455676207571023,9.525121025097336,475.16604701022095,1.9050242050194672,signal_change
4330,4331,long,1772.28,1768.97,1.0724401268653283,-3.5497768199241784,471.61627019029675,-0.7099553639848356,signal_change
4331,4332,short,1768.97,1793.04,1.0664200527771455,-25.668730670345823,445.9475395199509,-5.133746134069165,signal_change
4332,4334,long,1793.04,1787.66,0.9948412517734148,-5.3522459345408535,440.59529358541005,-1.0704491869081707,signal_change
4334,4335,short,1787.66,1815.22,0.9858592653757652,-27.17028135375603,413.425012231654,-5.434056270751206,signal_change
4335,4336,long,1815.22,1830.85,0.9110190769860492,14.23922817329184,427.6642404049459,2.847845634658368,signal_change
4336,4339,short,1830.85,1816.11,0.9343512366495254,13.77233722821401,441.43657763315986,2.7544674456428018,signal_change
4339,4340,long,1816.11,1826.93,0.972268370601252,10.519943769905705,451.95652140306555,2.1039887539811413,signal_change
4340,4342,short,1826.93,1866.65,0.9895431601715786,-39.30465432201513,412.6518670810504,-7.860930864403026,stop_loss
4343,4349,short,1869.64,1896.5,0.8828477505424581,-23.71329057957034,388.93857650148004,-4.742658115914068,signal_change
4349,4351,long,1896.5,1903.18,0.8203291885082626,5.479798979235247,394.41837548071527,1.0959597958470495,signal_change
4351,4353,short,1903.18,1899.87,0.828967045640907,2.743880921071545,397.1622564017868,0.5487761842143091,signal_change
4353,4354,long,1899.87,1908.66,0.8361882789912717,7.350094972333437,404.51235137412027,1.4700189944666875,signal_change
4354,4355,short,1908.66,1870.7,0.8477410358557737,32.1802497210852,436.6926010952055,6.43604994421704,signal_change
4355,4356,long,1870.7,1891.51,0.9337522875826278,19.431385104594433,456.1239861997999,3.8862770209188864,signal_change
4356,4358,short,1891.51,1893.06,0.9645711335383897,-1.4950852569844604,454.62890094281545,-0.29901705139689205,signal_change
4358,4359,long,1893.06,1888.89,0.96062227492592,-4.005794886440937,450.6231060563745,-0.8011589772881874,signal_change
4359,4360,short,1888.89,1899.64,0.9542601338487144,-10.25829643887368,440.36480961750084,-2.051659287774736,signal_change
4360,4361,long,1899.64,1876.16,0.9272595009949272,-21.77205308336091,418.59275653413994,-4.354410616672181,signal_change
4361,4362,short,1876.16,1866.31,0.8924457541662544,8.790590678537729,427.3833472126777,1.7581181357075457,signal_change
4362,4363,long,1866.31,1858.89,0.9159964790687029,-6.796693874689633,420.586653337988,-1.3593387749379264,signal_change
4363,4364,short,1858.89,1810.21,0.9050275236038453,44.056739849035246,464.64339318702326,8.81134796980705,signal_change
4364,4365,long,1810.21,1772.78,1.0267171061634246,-38.43002128369705,426.2133719033262,-7.686004256739411,stop_loss
4366,4367,long,1764.52,1783.25,0.9661854145112014,18.09665281379482,444.31002471712105,3.6193305627589636,signal_change
4367,4369,short,1783.25,1778.4,0.9966298044965566,4.833654551808209,449.14367926892925,0.9667309103616418,signal_change
4369,4372,long,1778.4,1779.03,1.0102197014595797,0.6364384119194159,449.78011768084866,0.12728768238388316,signal_change
4372,4373,short,1779.03,1761.08,1.011292935320593,18.15270818900469,467.93282586985333,3.6305416378009383,signal_change
4373,4374,long,1761.08,1769.65,1.0628315031000373,9.108465981567495,477.04129185142085,1.821693196313499,signal_change
4374,4375,short,1769.65,1776.52,1.0782726343659388,-7.4077329980938815,469.633558853327,-1.4815465996187762,signal_change
4375,4376,long,1776.52,1787.33,1.0574236346414945,11.430749490474499,481.0643083438015,2.2861498980948998,signal_change
4376,4383,short,1787.33,1807.14,1.0766099340218125,-21.32764279297229,459.7366655508292,-4.2655285585944585,signal_change
4383,4385,long,1807.14,1829.45,1.0176005523663452,22.7026683232931,482.43933387412227,4.54053366465862,signal_change
4385,4388,short,1829.45,1810.24,1.0548292303678644,20.263269515366712,502.70260338948896,4.052653903073343,signal_change
4388,4389,long,1810.24,1803.42,1.110797691774547,-7.57564025790234,495.1269631315866,-1.515128051580468,signal_change
4389,4401,short,1803.42,1763.18,1.098195568711862,44.191389684965344,539.318352816552,8.83827793699307,signal_change
4401,4402,long,1763.18,1729.58,1.2235128638404518,-41.11003222503935,498.20832059151263,-8.22200644500787,signal_change
4402,4403,short,1729.58,1728.74,1.1522064792412323,0.9678534425625407,499.1761740340752,0.19357068851250814,signal_change
4403,4405,long,1728.74,1752.86,1.155005782324873,27.858739469675807,527.034913503751,5.571747893935162,signal_change
4405,4412,short,1752.86,1805.18,1.2026856988093768,-62.924515761706786,464.1103977420442,-12.584903152341356,stop_loss
4413,4423,short,1802.83,1793.92,1.0297374633039036,9.174960798037631,473.2853585400818,1.8349921596075265,signal_change
4423,4425,long,1793.92,1794.36,1.055309843337678,0.46433633106839595,473.7496948711502,0.09286726621367919,signal_change
4425,4426,short,1794.36,1787.81,1.0560861697120985,6.917364411614198,480.6670592827644,1.3834728823228397,signal_change
4426,4427,long,1787.81,1793.37,1.0754320856976176,5.9794023964786955,486.6464616792431,1.1958804792957392,signal_change
4427,4430,short,1793.37,1752.72,1.085434598948891,44.12291644727227,530.7693781265153,8.824583289454454,signal_change
4430,4432,long,1752.72,1764.82,1.2113044368216608,14.656783685541985,545.4261618120573,2.931356737108397,signal_change
4432,4434,short,1764.82,1767.99,1.2362193579221843,-3.918815364613414,541.5073464474439,-0.7837630729226828,signal_change
4434,4438,long,1767.99,1733.53,1.2251366725998312,-42.21820973779023,499.28913670965363,-8.443641947558046,signal_change
4438,4439,short,1733.53,1726.46,1.1520749838991045,8.145170136166595,507.43430684582023,1.629034027233319,signal_change
4439,4441,long,1726.46,1760.15,1.1756642073278738,39.60812714487613,547.0424339906964,7.921625428975227,signal_change
4441,4442,short,1760.15,1769.35,1.2431723068845186,-11.437185223337346,535.6052487673591,-2.287437044667469,signal_change
4442,4443,long,1769.35,1759.87,1.2108520050128218,-11.478877007521573,524.1263717598375,-2.2957754015043146,signal_change
4443,4444,short,1759.87,1762.87,1.1912842920439295,-3.573852876131789,520.5525188837057,-0.7147705752263578,signal_change
4444,4445,long,1762.87,1754.91,1.1811478302624827,-9.401936728889137,511.15058215481656,-1.8803873457778273,signal_change
4445,4448,short,1754.91,1760.19,1.1650753193151022,-6.151597685983709,504.9989844688329,-1.230319537196742,signal_change
4448,4450,long,1760.19,1795.92,1.1476010759493758,41.00378644367121,546.002770912504,8.200757288734243,signal_change
4450,4451,short,1795.92,1767.42,1.2160959751269633,34.65873529111846,580.6615062036225,6.931747058223692,signal_change
4451,4452,long,1767.42,1764.53,1.3141449258322808,-3.797878835655423,576.8636273679671,-0.7595757671310847,signal_change
4452,4456,short,1764.53,1792.67,1.3076878882602554,-36.79833717564372,540.0652901923233,-7.359667435128743,signal_change
4456,4457,long,1792.67,1807.43,1.2050523301942317,17.786572393666848,557.8518625859901,3.55731447873337,signal_change
4457,4458,short,1807.43,1793.0,1.2345747555058622,17.81491372194967,575.6667763079398,3.5629827443899336,signal_change
4458,4459,long,1793.0,1796.89,1.2842538233305965,4.995747372756148,580.6625236806959,0.9991494745512296,signal_change
4459,4461,short,1796.89,1782.98,1.2925944797526747,17.97998921335981,598.6425128940557,3.595997842671962,signal_change
4461,4462,long,1782.98,1793.2,1.343015654452783,13.725619988507479,612.3681328825631,2.7451239977014956,signal_change
4462,4464,short,1793.2,1769.89,1.3659784360530072,31.840957344395527,644.2090902269587,6.368191468879106,signal_change
4464,4465,long,1769.89,1791.71,1.455930233465263,31.76839769421195,675.9774879211706,6.35367953884239,signal_change
4465,4466,short,1791.71,1817.84,1.509122543092734,-39.43337205101295,636.5441158701576,-7.88667441020259,signal_change
4466,4467,long,1817.84,1824.14,1.4006603790656111,8.824160388113604,645.3682762582712,1.7648320776227209,signal_change
4467,4469,short,1824.14,1848.97,1.4151726868733128,-35.13873781506425,610.2295384432069,-7.027747563012851,signal_change
4469,4470,long,1848.97,1861.77,1.320150220810953,16.89792282638014,627.1274612695871,3.3795845652760272,signal_change
4470,4476,short,1861.77,1845.7,1.347379023766818,21.652380911932678,648.7798421815198,4.330476182386535,signal_change
4476,4477,long,1845.7,1804.77,1.4060353084066095,-57.54902517308261,591.2308170084373,-11.509805034616523,stop_loss
4478,4479,short,1789.28,1788.64,1.32171782394804,0.8458994073265773,592.0767164157638,0.16917988146531546,signal_change
4479,4480,long,1788.64,1788.42,1.3240824680556484,-0.2912981429722788,591.7854182727915,-0.05825962859445576,signal_change
4480,4482,short,1788.42,1784.96,1.3235938275635286,4.579634643369857,596.3650529161614,0.9159269286739715,signal_change
4482,4486,long,1784.96,1783.88,1.3364222232793146,-1.4433360011415626,594.9217169150198,-0.28866720022831255,signal_change
4486,4489,short,1783.88,1782.49,1.3339949254770944,1.8542529464132949,596.7759698614332,0.37085058928265896,signal_change
4489,4490,long,1782.49,1775.13,1.3391962251938203,-9.856484217426384,586.9194856440067,-1.971296843485277,signal_change
4490,4494,short,1775.13,1777.09,1.3225385986243412,-2.5921756533034563,584.3273099907033,-0.5184351306606912,signal_change
4494,4497,long,1777.09,1790.3,1.3152452829979422,17.374390188402863,601.7017001791062,3.4748780376805724,signal_change
4497,4498,short,1790.3,1788.63,1.3443594932226022,2.245080353681538,603.9467805327877,0.4490160707363076,signal_change
4498,4499,long,1788.63,1803.54,1.3506354707967274,20.137974869579008,624.0847554023667,4.027594973915802,signal_change
4499,4502,short,1803.54,1806.13,1.3841328840000593,-3.5849041695603545,620.4998512328063,-0.7169808339120709,signal_change
4502,4503,long,1806.13,1803.9,1.3742086145134764,-3.0644852103650777,617.4353660224413,-0.6128970420730155,signal_change
4503,4506,short,1803.9,1801.2,1.369112181434539,3.6966028898733176,621.1319689123146,0.7393205779746636,signal_change
4506,4507,long,1801.2,1814.36,1.379373681795058,18.152557652422765,639.2845265647373,3.630511530484553,signal_change
4507,4508,short,1814.36,1810.53,1.4093884930548235,5.3979579283998715,644.6824844931372,1.0795915856799743,signal_change
4508,4510,long,1810.53,1796.3,1.4242956139763212,-20.267726586883075,624.4147579062541,-4.053545317376615,signal_change
4510,4512,short,1796.3,1821.43,1.3904464909118834,-34.94192031661578,589.4728375896383,-6.9883840633231555,signal_change
4512,4513,long,1821.43,1826.14,1.2945275691948377,6.0972248509077325,595.570062440546,1.2194449701815464,signal_change
4513,4518,short,1826.14,1840.63,1.3045441476350028,-18.902844699231203,576.6672177413149,-3.7805689398462405,signal_change
4518,4520,long,1840.63,1834.63,1.2531953032196907,-7.519171819318145,569.1480459219968,-1.5038343638636291,signal_change
4520,4523,short,1834.63,1818.84,1.2408999000822982,19.593809422299728,588.7418553442965,3.918761884459945,signal_change
4523,4526,long,1818.84,1796.88,1.2947633774148282,-28.43300376802938,560.3088515762671,-5.686600753605877,signal_change
4526,4529,short,1796.88,1804.88,1.247292755389936,-9.97834204311949,550.3305095331476,-1.995668408623898,signal_change
4529,4530,long,1804.88,1807.84,1.2196500809652666,3.6101642396569567,553.9406737728045,0.7220328479313913,signal_change
4530,4534,short,1807.84,1826.75,1.2256409278980542,-23.1768699465523,530.7638038262522,-4.635373989310461,signal_change
4534,4535,long,1826.75,1858.98,1.1622034844970626,37.457818305340346,568.2216221315925,7.49156366106807,signal_change
4535,4539,short,1858.98,1898.25,1.2226524699170351,-48.01356249364195,520.2080596379506,-9.60271249872839,stop_loss
4540,4544,short,1897.34,1903.77,1.0967102567551426,-7.051846950935636,513.1562126870149,-1.4103693901871273,signal_change
4544,4545,long,1903.77,1888.25,1.0781895138320594,-16.73350125467354,496.4227114323413,-3.346700250934708,signal_change
4545,4546,short,1888.25,1908.26,1.0516037843131816,-21.042591724106753,475.3801197082346,-4.208518344821351,signal_change
4546,4547,long,1908.26,1945.17,0.9964682374691805,36.77964264498754,512.1597623532222,7.355928528997508,signal_change
4547,4550,short,1945.17,1969.74,1.0531928054683592,-25.876947230357523,486.28281512286463,-5.175389446071504,signal_change
4550,4551,long,1969.74,1997.24,0.9875066051821351,27.156431642508714,513.4392467653734,5.431286328501743,signal_change
4551,4552,short,1997.24,2050.15,1.0282975441416622,-54.407223060535436,459.0320237048379,-10.881444612107087,stop_loss
4553,4556,short,1992.39,1951.44,0.9215706236325978,37.738317037754925,496.77034074259285,7.547663407550985,signal_change
4556,4558,long,1951.44,1924.83,1.0182641346750971,-27.096008623704464,469.6743321188884,-5.419201724740893,signal_change
4558,4562,short,1924.83,1921.53,0.976032859252793,3.220908435534173,472.89524055442257,0.6441816871068345,signal_change
4562,4563,long,1921.53,1944.86,0.9844139629449921,22.966377755506592,495.86161830992916,4.593275551101319,signal_change
4563,4566,short,1944.86,1921.82,1.0198402318108843,23.49711894092274,519.3587372508518,4.699423788184548,signal_change
4566,4567,long,1921.82,1919.31,1.0809726972366858,-2.7132414700640712,516.6454957807878,-0.5426482940128142,signal_change
4567,4569,short,1919.31,1936.88,1.0767317333433115,-18.918176554842162,497.7273192259456,-3.7836353109684326,signal_change
4569,4570,long,1936.88,1924.09,1.0278950048034894,-13.146777111436828,484.5805421145088,-2.629355422287366,signal_change
4570,4572,short,1924.09,1923.62,1.007396830947635,0.473476510545416,485.0540186250542,0.09469530210908321,signal_change
4572,4573,long,1923.62,1925.61,1.0086275223278074,2.007168769432346,487.0611873944865,0.40143375388646924,signal_change
4573,4577,short,1925.61,1966.38,1.0117545866390112,-41.249234497272695,445.8119528972138,-8.249846899454539,stop_loss
4578,4583,short,1977.76,1951.74,0.9016502566483574,23.460939677990243,469.2728925752041,4.6921879355980485,signal_change
4583,4584,long,1951.74,1931.91,0.961752882197842,-19.07155965398314,450.20133292122097,-3.8143119307966282,signal_change
4584,4585,short,1931.91,1897.67,0.9321372795238309,31.916380450895975,482.11771337211695,6.383276090179195,signal_change
4585,4586,long,1897.67,1906.14,1.0162308797043047,8.607475551095488,490.72518892321244,1.7214951102190976,signal_change
4586,4590,short,1906.14,1863.21,1.0297778524624897,44.20836320621475,534.9335521294272,8.84167264124295,signal_change
4590,4592,long,1863.21,1881.75,1.1484127975470875,21.29157326652296,556.2251253959502,4.258314653304592,signal_change
4592,4593,short,1881.75,1877.2,1.1823571152298662,5.379724874295837,561.604850270246,1.0759449748591674,signal_change
4593,4594,long,1877.2,1882.37,1.1966862353936627,6.186867836985051,567.791718107231,1.2373735673970103,signal_change
4594,4595,short,1882.37,1854.13,1.206546466650512,34.07287221821019,601.8645903254412,6.814574443642038,signal_change
4595,4597,long,1854.13,1852.3,1.2984301862877816,-2.3761272409068415,599.4884630845344,-0.47522544818136825,signal_change
4597,4598,short,1852.3,1821.94,1.2945817914690587,39.303503189000494,638.7919662735349,7.8607006378000985,signal_change
4598,4602,long,1821.94,1817.35,1.402443475138665,-6.437215550886675,632.3547507226482,-1.2874431101773351,signal_change
4602,4603,short,1817.35,1841.17,1.3918172079624689,-33.15308589366624,599.201664828982,-6.630617178733248,signal_change
4603,4604,long,1841.17,1845.71,1.3017845496700076,5.910101855501786,605.1117666844838,1.1820203711003572,signal_change
4604,4605,short,1845.71,1853.6,1.3113907746817945,-10.346873212239192,594.7648934722446,-2.0693746424478388,signal_change
4605,4606,long,1853.6,1866.14,1.2834805642473988,16.09484627566263,610.8597397479072,3.2189692551325253,signal_change
4606,4611,short,1866.14,1838.26,1.3093545816453367,36.504805736272125,647.3645454841793,7.300961147254426,signal_change
4611,4612,long,1838.26,1846.64,1.40864631876705,11.804456151268033,659.1690016354473,2.3608912302536065,signal_change
4612,4620,short,1846.64,1819.11,1.427823510019164,39.30798123082787,698.4769828662752,7.861596246165574,signal_change
4620,4623,long,1819.11,1856.47,1.535865303068589,57.37992772264268,755.8569105889179,11.475985544528536,signal_change
4623,4624,short,1856.47,1840.39,1.6285895502516452,26.187719968046334,782.0446305569642,5.237543993609267,signal_change
4624,4625,long,1840.39,1838.41,1.699736752659956,-3.3654787702667437,778.6791517866975,-0.6730957540533486,signal_change
4625,4627,short,1838.41,1838.32,1.6942448132608015,0.15248203319371867,778.8316338198912,0.030496406638743735,signal_change
4627,4629,long,1838.32,1827.42,1.6946595452802367,-18.47178904355435,760.3598447763368,-3.69435780871087,signal_change
4629,4632,short,1827.42,1818.25,1.6643351715015415,15.261953522669259,775.6217982990061,3.0523907045338516,signal_change
4632,4635,long,1818.25,1807.9,1.7063039698589437,-17.660246088039912,757.9615522109661,-3.5320492176079825,signal_change
4635,4636,short,1807.9,1764.58,1.6769988433231178,72.64758989275774,830.6091421037239,14.529517978551548,signal_change
4636,4637,long,1764.58,1739.08,1.8828483652851646,-48.0126333147717,782.5965087889522,-9.60252666295434,signal_change
4637,4639,short,1739.08,1742.45,1.800024170915547,-6.066081455985605,776.5304273329666,-1.2132162911971212,signal_change
4639,4640,long,1742.45,1734.02,1.7826174118808955,-15.027464782156063,761.5029625508106,-3.0054929564312127,signal_change
4640,4641,short,1734.02,1726.09,1.7566186377338453,13.929985797229506,775.4329483480401,2.785997159445901,signal_change
4641,4643,long,1726.09,1709.72,1.7969699108344064,-29.416397440359038,746.0165509076811,-5.883279488071808,signal_change
4643,4645,short,1709.72,1708.99,1.7453537442567932,1.2741082333074907,747.2906591409886,0.25482164666149815,signal_change
4645,4646,long,1708.99,1711.56,1.749081408647186,4.495139220223156,751.7857983612117,0.8990278440446312,signal_change
4646,4648,short,1711.56,1718.2,1.7569604299264103,-11.66621725471154,740.1195811065002,-2.333243450942308,signal_change
4648,4651,long,1718.2,1717.2,1.7230114797031781,-1.723011479703178,738.396569626797,-0.3446022959406356,signal_change
4651,4653,short,1717.2,1755.83,1.7200013268735082,-66.44365125712342,671.9529183696736,-13.288730251424685,stop_loss
4654,4658,short,1766.0,1791.13,1.5219771650502234,-38.24728615771228,633.7056322119613,-7.649457231542456,signal_change
4658,4659,long,1791.13,1775.42,1.4152085715988483,-22.23292665981796,611.4727055521433,-4.446585331963592,signal_change
4659,4660,short,1775.42,1788.98,1.3776406834487465,-18.680807667564924,592.7918978845784,-3.736161533512985,signal_change
4660,4661,long,1788.98,1794.31,1.325429905051098,7.064541393922257,599.8564392785006,1.4129082787844514,signal_change
4661,4664,short,1794.31,1801.62,1.3372414784033988,-9.775235207128773,590.0812040713719,-1.9550470414257546,signal_change
4664,4666,long,1801.62,1775.46,1.3101124633860013,-34.2725420421776,555.8086620291942,-6.854508408435519,signal_change
4666,4667,short,1775.46,1762.0,1.2522020479857485,16.85463956588822,572.6633015950824,3.3709279131776437,signal_change
4667,4669,long,1762.0,1747.28,1.300030196583615,-19.136444493710847,553.5268571013715,-3.82728889874217,signal_change
4669,4678,short,1747.28,1697.55,1.267173794930112,63.01655282187449,616.543409923246,12.603310564374897,signal_change
4678,4679,long,1697.55,1712.78,1.4527840945438921,22.125901759903506,638.6693116831495,4.425180351980701,signal_change
4679,4681,short,1712.78,1701.9,1.4915384618763636,16.22793846521466,654.8972501483642,3.245587693042932,signal_change
4681,4682,long,1701.9,1718.27,1.5392144077756957,25.19693985528797,680.0941900036521,5.039387971057594,signal_change
4682,4683,short,1718.27,1708.42,1.583206806854923,15.594587047520847,695.6887770511729,3.1189174095041694,signal_change
4683,4685,long,1708.42,1724.69,1.628847185238227,26.50134370382592,722.1901207549988,5.300268740765184,signal_change
4685,4688,short,1724.69,1664.56,1.6749447628385363,100.71442858948139,822.9045493444802,20.142885717896277,signal_change
4688,4689,long,1664.56,1675.01,1.977470441064258,20.664566109121584,843.5691154536017,4.1329132218243165,signal_change
4689,4692,short,1675.01,1673.73,2.014481383283925,2.578536170603369,846.1476516242051,0.5157072341206738,signal_change
4692,4694,long,1673.73,1644.87,2.022184346637044,-58.36024024394536,787.7874113802598,-11.672048048789073,signal_change
4694,4699,short,1644.87,1660.79,1.9157438858517932,-30.498642662760687,757.2887687174991,-6.099728532552137,signal_change
4699,4701,long,1660.79,1726.34,1.8239242016570407,119.55823141861892,876.847000136118,23.911646283723783,signal_change
4701,4703,short,1726.34,1712.49,2.031690165636243,28.138908794061784,904.9859089301798,5.6277817588123575,signal_change
4703,4704,long,1712.49,1694.8,2.1138480433291402,-37.3939718864926,867.5919370436872,-7.47879437729852,signal_change
4704,4705,short,1694.8,1668.03,2.0476562120455206,54.81575679645856,922.4076938401457,10.963151359291711,signal_change
4705,4706,long,1668.03,1666.1,2.211969074513398,-4.269100313810998,918.1385935263347,-0.8538200627621997,signal_change
4706,4708,short,1666.1,1666.19,2.20428208037053,-0.19838538723366844,917.9402081391011,-0.03967707744673369,signal_change
4708,4709,long,1666.19,1644.29,2.2036867539454708,-48.260739911406006,869.679468227695,-9.6521479822812,signal_change
4709,4712,short,1644.29,1629.01,2.11563524251244,32.326906505590024,902.006374733285,6.465381301118005,signal_change
4712,4714,long,1629.01,1657.33,2.214857796412017,62.72477279438819,964.7311475276732,12.544954558877638,signal_change
4714,4715,short,1657.33,1649.36,2.3283984421392803,18.557335583850122,983.2884831115233,3.7114671167700246,signal_change
4715,4717,long,1649.36,1664.62,2.384654612968723,36.389829393902694,1019.678312505426,7.277965878780539,signal_change
4717,4722,short,1664.62,1635.07,2.4502368408535906,72.4044986472235,1092.0828111526496,14.480899729444701,signal_change
4722,4725,long,1635.07,1675.31,2.6716478466430176,107.50710934891505,1199.5899205015646,21.50142186978301,signal_change
4725,4726,short,1675.31,1712.33,2.8641622637041855,-106.0312870023289,1093.5586334992358,-21.206257400465777,stop_loss
4727,4729,long,1706.92,1770.15,2.5626476542526557,162.03621117839546,1255.5948446776313,32.40724223567909,signal_change
4729,4733,short,1770.15,1760.17,2.837262027913185,28.31587503857364,1283.910719716205,5.663175007714728,signal_change
4733,4734,long,1760.17,1750.97,2.9176970854319864,-26.842813185974414,1257.0679065302306,-5.3685626371948825,signal_change
4734,4735,short,1750.97,1737.75,2.8717063262768194,37.96395763337963,1295.0318641636102,7.592791526675925,signal_change
4735,4736,long,1737.75,1739.97,2.9809394082315874,6.617685486274205,1301.6495496498844,1.323537097254841,signal_change
4736,4739,short,1739.97,1754.65,2.9923494075182546,-43.927689302368165,1257.7218603475162,-8.785537860473633,signal_change
4739,4741,long,1754.65,1749.67,2.8671743318553924,-14.278528172639907,1243.4433321748763,-2.8557056345279817,signal_change
4741,4743,short,1749.67,1802.86,2.842692238364666,-151.2028001586161,1092.2405320162602,-30.24056003172322,stop_loss
4744,4745,short,1797.98,1768.65,2.429928101572343,71.26979121911663,1163.5103232353767,14.253958243823325,signal_change
4745,4746,long,1768.65,1770.99,2.6314088671820355,6.157496749205747,1169.6678199845826,1.2314993498411495,signal_change
4746,4750,short,1770.99,1781.27,2.641839468285157,-27.15810973397134,1142.5097102506113,-5.431621946794269,signal_change
4750,4751,long,1781.27,1810.51,2.565607033746959,75.0183496667611,1217.5280599173725,15.00366993335222,signal_change
4751,4753,short,1810.51,1776.8,2.6899118147204324,90.67692727422587,1308.2049871915983,18.135385454845174,signal_change
4753,4754,long,1776.8,1793.1,2.945081015739753,48.004820556557846,1356.2098077481562,9.60096411131157,signal_change
4754,4756,short,1793.1,1817.67,3.0253969276630555,-74.33400251268179,1281.8758052354744,-14.866800502536359,signal_change
4756,4757,long,1817.67,1814.15,2.820920860740342,-9.929641429805953,1271.9461638056684,-1.9859282859611904,signal_change
4757,4760,short,1814.15,1813.47,2.804500540320632,1.907060367418208,1273.8532241730866,0.3814120734836416,signal_change
4760,4761,long,1813.47,1804.21,2.8097585825474622,-26.01836447438948,1247.834859698697,-5.203672894877895,signal_change
4761,4765,short,1804.21,1854.68,2.766495828531484,-139.62504446598405,1108.209815232713,-27.92500889319681,stop_loss
4766,4767,short,1832.92,1866.03,2.4184575763976888,-80.07513035452725,1028.1346848781857,-16.01502607090545,signal_change
4767,4768,long,1866.03,1871.67,2.203897439758601,12.429981560238732,1040.5646664384244,2.4859963120477464,signal_change
4768,4771,short,1871.67,1896.75,2.223820794132351,-55.773425516839204,984.7912409215852,-11.154685103367841,signal_change
4771,4773,long,1896.75,1915.45,2.0767971338797104,38.83610640355067,1023.6273473251358,7.767221280710135,signal_change
4773,4776,short,1915.45,1932.12,2.1376226940408483,-35.63417030966061,987.9931770154752,-7.126834061932122,signal_change
4776,4777,long,1932.12,1925.92,2.045407484039243,-12.68152640104293,975.3116506144323,-2.536305280208586,signal_change
4777,4782,short,1925.92,1928.3,2.0256535071330735,-4.821055346976475,970.4905952674559,-0.9642110693952951,signal_change
4782,4783,long,1928.3,1923.23,2.0131527153813327,-10.20668426698323,960.2839110004727,-2.041336853396646,signal_change
4783,4786,short,1923.23,1912.6,1.9972315552491853,21.230571432299058,981.5144824327717,4.246114286459812,signal_change
4786,4787,long,1912.6,1865.81,2.052733415105661,-96.04739649279381,885.4670859399779,-19.20947929855876,stop_loss
4788,4791,short,1867.65,1861.59,1.8964304573982873,11.492368571833948,896.9594545118118,2.2984737143667897,signal_change
4791,4792,long,1861.59,1865.35,1.9272975349283394,7.246638731330539,904.2060932431424,1.4493277462661078,signal_change
4792,4795,short,1865.35,1835.85,1.938952139262106,57.19908810823213,961.4051813513745,11.439817621646426,signal_change
4795,4797,long,1835.85,1842.54,2.0947358037996016,14.013782527419446,975.418963878794,2.802756505483889,signal_change
4797,4798,short,1842.54,1841.26,2.1175528648035735,2.7104676669485164,978.1294315457425,0.5420935333897032,signal_change
4798,4799,long,1841.26,1834.87,2.124913225825234,-13.578195513023456,964.551236032719,-2.7156391026046913,signal_change
4799,4800,short,1834.87,1825.2,2.102712968292509,20.333234403388236,984.8844704361072,4.066646880677647,signal_change
4800,4802,long,1825.2,1810.82,2.1584143555470243,-31.03799843276645,953.8464720033408,-6.207599686553291,signal_change
4802,4806,short,1810.82,1835.6,2.1069934549062657,-52.21129781257721,901.6351741907636,-10.442259562515442,signal_change
4806,4807,long,1835.6,1855.3,1.9647748402500842,38.706064352926745,940.3412385436903,7.741212870585349,signal_change
4807,4809,short,1855.3,1813.05,2.0273621269739457,85.6560498646492,1025.9972884083395,17.13120997292984,signal_change
4809,4811,long,1813.05,1830.77,2.2635829975088155,40.11069071585627,1066.1079791241957,8.022138143171254,signal_change
4811,4812,short,1830.77,1867.15,2.3293105723257335,-84.74031862121045,981.3676605029852,-16.94806372424209,signal_change
4812,4813,long,1867.15,1913.56,2.102386333187982,97.57174972325396,1078.9394102262393,19.514349944650792,signal_change
4813,4814,short,1913.56,1903.86,2.255355275457763,21.876946171940403,1100.8163563981798,4.375389234388081,signal_change
4814,4816,long,1903.86,1919.34,2.312809463717248,35.802290498343034,1136.6186468965227,7.160458099668607,signal_change
4816,4817,short,1919.34,1988.17,2.3687697789792796,-163.0424238871442,973.5762230093785,-32.608484777428835,stop_loss
4818,4829,short,1978.64,2020.53,1.9681725286244662,-82.44674722407865,891.1294757852999,-16.48934944481573,stop_loss
4830,4831,short,2020.66,2007.32,1.7640364549905472,23.532246309574155,914.661722094874,4.706449261914831,signal_change
4831,4833,long,2007.32,2003.52,1.8226525359083234,-6.926079636451546,907.7356424584225,-1.385215927290309,signal_change
4833,4837,short,2003.52,1995.08,1.81228166917909,15.295657287871617,923.031299746294,3.059131457574323,signal_change
4837,4838,long,1995.08,2005.21,1.8506151126697559,18.746731091344827,941.7780308376389,3.749346218268965,signal_change
4838,4841,short,2005.21,1982.84,1.8786621467829085,42.02567222353388,983.8037030611728,8.405134444706777,signal_change
4841,4842,long,1982.84,1989.05,1.9846355793935422,12.324586948033971,996.1282900092067,2.464917389606794,signal_change
4842,4843,short,1989.05,1997.06,2.0032242326924043,-16.04582610386614,980.0824639053405,-3.209165220773228,signal_change
4843,4844,long,1997.06,1989.29,1.963050612210631,-15.252903256876566,964.8295606484639,-3.0505806513753133,signal_change
4844,4845,short,1989.29,1987.74,1.9400480787586807,3.0070745220758672,967.8366351705398,0.6014149044151734,signal_change
4845,4846,long,1987.74,1989.55,1.9476121327146203,3.525177960213356,971.3618131307531,0.7050355920426713,signal_change
4846,4848,short,1989.55,2016.53,1.9529276733547853,-52.68998862711215,918.671824503641,-10.537997725422429,signal_change
4848,4849,long,2016.53,2038.52,1.8222824842747511,40.07199182920179,958.7438163328428,8.014398365840359,signal_change
4849,4855,short,2038.52,2014.95,1.8812546677645408,44.341172519210104,1003.0849888520529,8.868234503842022,signal_change
4855,4857,long,2014.95,2016.32,1.9912851214214804,2.7280606163472108,1005.8130494684001,0.5456121232694422,signal_change
4857,4858,short,2016.32,1988.81,1.9953440911529918,54.891915947618784,1060.704965416019,10.978383189523756,signal_change
4858,4859,long,1988.81,1981.41,2.1333460017116144,-15.786760412665654,1044.9182050033533,-3.157352082533131,signal_change
4859,4860,short,1981.41,1957.39,2.1094436890968615,50.66883741210658,1095.5870424154598,10.133767482421318,signal_change
4860,4861,long,1957.39,1977.5,2.2388732800626543,45.023741662059756,1140.6107840775196,9.004748332411951,signal_change
4861,4866,short,1977.5,1946.72,2.3071773129254507,71.0149176918453,1211.625701769365,14.20298353836906,signal_change
4866,4867,long,1946.72,1943.15,2.489573645453614,-8.887777914269245,1202.7379238550957,-1.777555582853849,signal_change
4867,4869,short,1943.15,1962.6,2.4758519390784977,-48.15532021507633,1154.5826036400194,-9.631064043015266,signal_change
4869,4870,long,1962.6,1977.4,2.3531694764904096,34.826908252058494,1189.409511892078,6.965381650411699,signal_change
4870,4876,short,1977.4,1960.46,2.4060069017742043,40.75775691605515,1230.167268808133,8.151551383211029,signal_change
4876,4877,long,1960.46,1957.34,2.509956375153042,-7.831063890477787,1222.3362049176553,-1.5662127780955573,signal_change
4877,4878,short,1957.34,1943.44,2.4979537636131797,34.72155731422286,1257.057762231878,6.944311462844572,signal_change
4878,4882,long,1943.44,1950.48,2.5872839135386285,18.214478751311848,1275.27224098319,3.64289575026237,signal_change
4882,4885,short,1950.48,1913.64,2.615299292447377,96.34762593376115,1371.6198669169512,19.26952518675223,signal_change
4885,4887,long,1913.64,1923.14,2.867038454290151,27.236865315756436,1398.8567322327076,5.4473730631512876,signal_change
4887,4894,short,1923.14,1915.21,2.909526570572517,23.072545704640245,1421.929277937348,4.614509140928049,signal_change
4894,4897,long,1915.21,1925.28,2.9697615988582933,29.905499300502825,1451.8347772378509,5.981099860100565,signal_change
4897,4903,short,1925.28,1978.73,3.0163607937294334,-161.22448442483835,1290.6102928130126,-32.24489688496767,stop_loss
4904,4905,short,1976.97,1969.5,2.6112895851995988,19.506333201441073,1310.1166260144537,3.9012666402882146,signal_change
4905,4906,long,1969.5,1961.84,2.660810613890741,-20.381809302403298,1289.7348167120504,-4.0763618604806595,signal_change
4906,4910,short,1961.84,1945.52,2.6296432261796077,42.915777451251024,1332.6505941633013,8.583155490250205,signal_change
4910,4911,long,1945.52,1959.15,2.7399370742285893,37.34534232173598,1369.9959364850372,7.469068464347195,signal_change
4911,4913,short,1959.15,1944.19,2.797123112543781,41.844961763655064,1411.8408982486922,8.368992352731013,signal_change
4913,4916,long,1944.19,1942.65,2.904738525038586,-4.473297328559317,1407.3676009201329,-0.8946594657118634,signal_change
4916,4917,short,1942.65,1936.52,2.8978304911747,17.763700910901225,1425.131301831034,3.552740182180245,signal_change
4917,4919,long,1936.52,1914.7,2.9436954987937827,-64.23143578368015,1360.899866047354,-12.84628715673603,signal_change
4919,4920,short,1914.7,1912.33,2.8430560736352515,6.738042894515882,1367.63790894187,1.3476085789031764,signal_change
4920,4921,long,1912.33,1913.62,2.8606734380402337,3.6902687350717973,1371.3281776769418,0.7380537470143594,signal_change
4921,4925,short,1913.62,1889.33,2.8664587069051155,69.62628199072516,1440.954459667667,13.925256398145033,signal_change
4925,4927,long,1889.33,1894.67,3.0507205404406155,16.29084768595333,1457.2453073536203,3.258169537190666,signal_change
4927,4933,short,1894.67,1937.32,3.076515292591576,-131.21337722903027,1326.03193012459,-26.24267544580605,stop_loss
4934,4935,short,1942.42,1940.06,2.7306801415236457,6.444405133996152,1332.476335258586,1.2888810267992303,signal_change
4935,4937,long,1940.06,1938.47,2.7472889194325663,-4.3681893818975555,1328.1081458766885,-0.8736378763795112,signal_change
4937,4941,short,1938.47,1919.13,2.740528655850621,53.00182420415078,1381.1099700808393,10.600364840830155,signal_change
4941,4942,long,1919.13,1922.33,2.878616810910859,9.211573794914225,1390.3215438757536,1.842314758982845,signal_change
4942,4953,short,1922.33,1900.58,2.8929924495289647,62.922585777254994,1453.2441296530087,12.584517155451,signal_change
4953,4955,long,1900.58,1864.8,3.058527669770299,-109.43412002438122,1343.8100096286275,-21.886824004876242,signal_change
4955,4958,short,1864.8,1822.94,2.8824753531287595,120.66041828196956,1464.4704279105972,24.13208365639391,signal_change
4958,4959,long,1822.94,1821.1,3.2134254071128994,-5.912702749088203,1458.557725161509,-1.1825405498176407,signal_change
4959,4960,short,1821.1,1820.24,3.203685080800635,2.755169169488226,1461.3128943309973,0.5510338338976452,signal_change
4960,4961,long,1820.24,1831.84,3.21125322887311,37.25053745492779,1498.563431785925,7.450107490985558,signal_change
4961,4962,short,1831.84,1861.35,3.2722583452395955,-96.56434376802045,1401.9990880179046,-19.31286875360409,signal_change
4962,4963,long,1861.35,1860.42,3.0128650453013237,-2.8019644921297373,1399.197123525775,-0.5603928984259474,signal_change
4963,4964,short,1860.42,1874.27,3.0083467679895404,-41.665602736654854,1357.5315207891201,-8.33312054733097,signal_change
4964,4968,long,1874.27,1923.05,2.8971952190220622,141.3251827838961,1498.8567035730161,28.265036556779222,signal_change
4968,4970,short,1923.05,1974.28,3.117665590750144,-159.71800821412995,1339.1386953588863,-31.943601642825993,stop_loss
4971,4989,short,1980.9,1959.19,2.7041015606217096,58.70604488109743,1397.8447402399836,11.741208976219484,signal_change
4989,4990,long,1959.19,1981.1,2.8539237955277104,62.52947036001172,1460.3742105999954,12.505894072002343,signal_change
4990,4991,short,1981.1,1980.56,2.948612812275999,1.5922509186289322,1461.9664615186243,0.31845018372578643,signal_change
4991,4993,long,1980.56,1998.26,2.952632511044602,52.2615954454896,1514.2280569641139,10.45231908909792,signal_change
4993,4998,short,1998.26,2041.07,3.031093164981762,-129.76109839286906,1384.4669585712447,-25.95221967857381,stop_loss
4999,5001,short,2044.12,2071.63,2.709169634994511,-74.52925665869957,1309.9377019125452,-14.905851331739914,signal_change
5001,5002,long,2071.63,2028.89,2.529288921115344,-108.10180848846984,1201.8358934240753,-21.62036169769397,stop_loss
5003,5006,long,2019.36,2004.04,2.3806273144443297,-36.47121045728698,1165.3646829667882,-7.294242091457395,signal_change
5006,5007,short,2004.04,1981.69,2.326030783750401,51.98678801682125,1217.3514709836095,10.39735760336425,signal_change
5007,5009,long,1981.69,2027.23,2.457198595105409,111.90082402110025,1329.2522950047098,22.380164804220048,signal_change
5009,5011,short,2027.23,2019.02,2.622795232913305,21.533148862218333,1350.785443866928,4.306629772443666,signal_change
5011,5012,long,2019.02,2027.21,2.6761209772403007,21.91743080359821,1372.7028746705262,4.3834861607196425,signal_change
5012,5015,short,2027.21,2045.78,2.7085558470420454,-50.2978820795706,1322.4049925909555,-10.059576415914119,signal_change
5015,5017,long,2045.78,2067.44,2.5856250282844795,56.004638112642034,1378.4096307035975,11.200927622528408,signal_change
5017,5019,short,2067.44,2065.25,2.6668916741546984,5.840492766398936,1384.2501234699964,1.1680985532797872,signal_change
5019,5020,long,2065.25,2062.67,2.681031591274657,-6.917061505488421,1377.333061964508,-1.3834123010976842,signal_change
5020,5021,short,2062.67,2058.91,2.67097124011986,10.042851862851258,1387.3759138273592,2.0085703725702517,signal_change
5021,5023,long,2058.91,2043.28,2.6953599988874877,-42.128476782611116,1345.247437044748,-8.425695356522224,signal_change
5023,5025,short,2043.28,2028.18,2.6335058083958107,39.765937706776505,1385.0133747515245,7.953187541355302,signal_change
5025,5026,long,2028.18,2030.21,2.7315393599217512,5.545024900641081,1390.5583996521655,1.1090049801282162,signal_change
5026,5027,short,2030.21,2024.32,2.7397331303700905,16.137028137880108,1406.6954277900456,3.2274056275760215,signal_change
5027,5030,long,2024.32,2054.6,2.7795910286714465,84.16601634817133,1490.861444138217,16.833203269634264,signal_change
5030,5031,short,2054.6,2028.22,2.9024850465067984,76.567555526849,1567.428999665066,15.3135111053698,signal_change
5031,5032,long,2028.22,2006.11,3.0912405945411563,-68.34732954530534,1499.0816701197605,-13.669465909061069,signal_change
5032,5034,short,2006.11,2029.33,2.989031847944052,-69.40531950926098,1429.6763506104994,-13.881063901852194,signal_change
5034,5035,long,2029.33,2021.62,2.81802634487343,-21.72698311897425,1407.9493674915252,-4.34539662379485,signal_change
5035,5036,short,2021.62,2029.23,2.785784405558958,-21.199819326304027,1386.749548165221,-4.239963865260806,signal_change
5036,5037,long,2029.23,2013.5,2.7335482880998625,-42.99871457181089,1343.75083359341,-8.599742914362178,signal_change
5037,5039,short,2013.5,2018.49,2.6694826592369707,-13.32071846959251,1330.4301151238176,-2.664143693918502,signal_change
5039,5040,long,2018.49,2032.7,2.636485917936314,37.46446489387512,1367.8945800176928,7.492892978775023,signal_change
5040,5045,short,2032.7,2025.03,2.691778580248325,20.645941710504854,1388.5405217281975,4.129188342100971,signal_change
5045,5046,long,2025.03,2035.86,2.7427554588884067,29.704041619761245,1418.2445633479588,5.94080832395225,signal_change
5046,5047,short,2035.86,2035.0,2.786526702912693,2.3964129645046373,1420.6409763124634,0.47928259290092745,signal_change
5047,5048,long,2035.0,2034.33,2.7924146954544735,-1.8709178459547005,1418.7700584665088,-0.3741835691909401,signal_change
5048,5050,short,2034.33,2019.94,2.789655677233308,40.14314519538694,1458.9132036618957,8.028629039077389,signal_change
5050,5053,long,2019.94,2004.25,2.8890228495141357,-45.32876850887694,1413.5844351530188,-9.065753701775387,signal_change
5053,5059,short,2004.25,2035.52,2.8211738758199205,-88.21810709688886,1325.36632805613,-17.643621419377773,signal_change
5059,5060,long,2035.52,2031.16,2.6044771420691126,-11.35552033942107,1314.010807716709,-2.2711040678842136,signal_change
5060,5061,short,2031.16,2030.38,2.587705168901926,2.0184100317434317,1316.0292177484525,0.40368200634868634,signal_change
5061,5062,long,2030.38,2034.37,2.592675691739384,10.344776010039574,1326.3739937584921,2.0689552020079147,signal_change
5062,5064,short,2034.37,2083.26,2.6079306984638824,-127.50173184790007,1198.872261910592,-25.50034636958001,stop_loss
5065,5066,long,2114.27,2127.84,2.2681535696208943,30.7788439397559,1229.651105850348,6.15576878795118,signal_change
5066,5067,short,2127.84,2148.03,2.311548059723189,-46.67015532581132,1182.9809505245366,-9.334031065162264,signal_change
5067,5068,long,2148.03,2159.93,2.202913274999952,26.214667972498624,1209.1956184970352,5.242933594499725,signal_change
5068,5069,short,2159.93,2178.55,2.2393237160408628,-41.696207592681645,1167.4994109043535,-8.33924151853633,signal_change
5069,5070,long,2178.55,2182.65,2.1436265606102287,8.788868898501741,1176.2882798028552,1.7577737797003483,signal_change
5070,5073,short,2182.65,2162.19,2.1557066498116604,44.10575805514665,1220.3940378580019,8.82115161102933,signal_change
5073,5075,long,2162.19,2160.26,2.2576999021510633,-4.357360811151182,1216.0366770468506,-0.8714721622302364,signal_change
5075,5076,short,2160.26,2157.48,2.2516487405161425,6.259583498635327,1222.296260545486,1.2519166997270652,signal_change
5076,5079,long,2157.48,2165.27,2.2661554416179728,17.653350890203924,1239.9496114356898,3.5306701780407854,signal_change
5079,5080,short,2165.27,2171.73,2.2906143094130336,-14.797368438808281,1225.1522429968816,-2.959473687761656,signal_change
5080,5082,long,2171.73,2194.88,2.256546150758854,52.23904339006767,1277.3912863869493,10.447808678013534,signal_change
5082,5083,short,2194.88,2232.88,2.3279473800607766,-88.4620004423095,1188.9292859446398,-17.692400088461902,signal_change
5083,5084,long,2232.88,2251.31,2.1298579161345703,39.25328139435978,1228.1825673389997,7.8506562788719565,signal_change
5084,5086,short,2251.31,2299.64,2.1821651702146743,-105.46404267647506,1122.7185246625245,-21.092808535295013,stop_loss
5087,5089,long,2290.95,2338.82,1.9602671811476018,93.83798996153637,1216.5565146240608,18.767597992307273,signal_change
5089,5090,short,2338.82,2352.22,2.080632993773032,-27.88048211655787,1188.676032507503,-5.576096423311575,signal_change
5090,5095,long,2352.22,2382.85,2.0213688048014267,61.914526491067924,1250.5905589985707,12.382905298213585,signal_change
5095,5098,short,2382.85,2390.63,2.0993189818890334,-16.3327016790971,1234.2578573194737,-3.26654033581942,signal_change
5098,5099,long,2390.63,2327.25,2.0651591543977506,-130.88978720572968,1103.3680701137441,-26.17795744114593,stop_loss
5100,5103,long,2322.11,2337.78,1.9006301512223693,29.78287446965467,1133.1509445833988,5.956574893930934,signal_change
5103,5104,short,2337.78,2335.36,1.938849583080356,4.692015991054602,1137.8429605744534,0.9384031982109204,signal_change
5104,5105,long,2335.36,2286.3,1.948895177744679,-95.61279742015385,1042.2301631542996,-19.12255948403077,stop_loss
5106,5109,long,2319.48,2323.76,1.7973514117893659,7.692664042458847,1049.9228271967584,1.5385328084917693,signal_change
5109,5111,short,2323.76,2308.83,1.8072827266099052,26.982731108286405,1076.9055583050447,5.396546221657281,signal_change
5111,5115,long,2308.83,2358.0,1.8657165028261842,91.73728044396361,1168.6428387490082,18.347456088792722,signal_change
5115,5117,short,2358.0,2376.72,1.9824306000831353,-37.1111008335559,1131.5317379154524,-7.422220166711179,signal_change
5117,5120,long,2376.72,2420.88,1.9043585073806801,84.09647168593142,1215.6282096013838,16.81929433718628,signal_change
5120,5121,short,2420.88,2378.58,2.008572435810753,84.96261403479521,1300.590823636179,16.992522806959045,signal_change
5121,5122,long,2378.58,2328.55,2.1871718817717785,-109.42420924504151,1191.1666143911375,-21.884841849008303,stop_loss
5123,5126,short,2333.86,2338.0,2.0415391058437735,-8.451971898192964,1182.7146424929444,-1.6903943796385927,signal_change
5126,5129,long,2338.0,2350.45,2.023463887926338,25.192125404682535,1207.9067678976269,5.038425080936507,signal_change
5129,5130,short,2350.45,2326.79,2.0556178908679223,48.63591929793475,1256.5426871955617,9.72718385958695,signal_change
5130,5132,long,2326.79,2375.68,2.1601308019985677,105.60879490970969,1362.1514821052715,21.121758981941937,signal_change
5132,5133,short,2375.68,2293.38,2.2934932012817746,188.75449046548945,1550.905972570761,37.75089809309789,signal_change
5133,5134,long,2293.38,2310.86,2.705013512929843,47.28363620601371,1598.1896087767745,9.456727241202742,signal_change
5134,5136,short,2310.86,2324.88,2.76639797958643,-38.784899673801704,1559.404709102973,-7.756979934760341,signal_change
5136,5137,long,2324.88,2303.85,2.6829852880199803,-56.42318060706072,1502.9815284959122,-11.284636121412145,signal_change
5137,5138,short,2303.85,2332.6,2.609512821574169,-75.02349362025736,1427.958034875655,-15.00469872405147,signal_change
5138,5140,long,2332.6,2329.34,2.448697650476987,-7.982754340554399,1419.9752805351004,-1.5965508681108798,signal_change
5140,5142,short,2329.34,2360.02,2.4384165137508482,-74.81061864187562,1345.1646618932248,-14.962123728375124,signal_change
5142,5144,long,2360.02,2334.43,2.2799207835411983,-58.3431728508196,1286.8214890424051,-11.66863457016392,signal_change
5144,5145,short,2334.43,2319.51,2.2049433721163716,32.89775511197542,1319.7192441543805,6.579551022395084,signal_change
5145,5150,long,2319.51,2329.35,2.2758586842124076,22.39444945264939,1342.11369360703,4.478889890529878,signal_change
5150,5151,short,2329.35,2356.07,2.3047007853813812,-61.581604985391095,1280.5320886216389,-12.316320997078218,signal_change
5151,5154,long,2356.07,2359.09,2.174013655997723,6.5655212411130845,1287.097609862752,1.313104248222617,signal_change
5154,5156,short,2359.09,2371.26,2.1823628769784147,-26.559356212827463,1260.5382536499246,-5.311871242565493,signal_change
5156,5158,long,2371.26,2411.59,2.126360253451624,85.75610902170384,1346.2943626716285,17.151221804340764,signal_change
5158,5160,short,2411.59,2468.69,2.233040214417257,-127.50659624322518,1218.7877664284033,-25.501319248645032,stop_loss
5161,5164,short,2458.66,2396.35,1.9828488142783522,123.55130961768401,1342.3390760460873,24.7102619235368,signal_change
5164,5165,long,2396.35,2409.62,2.240639432547144,29.733285269900566,1372.0723613159878,5.946657053980113,signal_change
5165,5166,short,2409.62,2397.23,2.2776576577485046,28.22017837950368,1400.2925396954915,5.644035675900736,signal_change
5166,5167,long,2397.23,2364.49,2.3365176302574078,-76.4975872146281,1323.7949524808635,-15.29951744292562,signal_change
5167,5169,short,2364.49,2383.5,2.239459591676621,-42.57212683777306,1281.2228256430903,-8.514425367554612,signal_change
5169,5170,long,2383.5,2410.92,2.150153682639967,58.957213977988054,1340.1800396210783,11.79144279559761,signal_change
5170,5172,short,2410.92,2446.3,2.2235163997496032,-78.66801022314121,1261.512029397937,-15.733602044628242,signal_change
5172,5173,long,2446.3,2441.38,2.0627266147209045,-10.148614944426999,1251.3634144535101,-2.0297229888854,signal_change
5173,5175,short,2441.38,2389.85,2.0502558625916656,105.64968459934893,1357.0130990528592,21.129936919869785,signal_change
5175,5179,long,2389.85,2472.03,2.271294180057927,186.6549557171611,1543.6680547700203,37.33099114343222,signal_change
5179,5180,short,2472.03,2464.98,2.497814435536818,17.609591770535022,1561.2776465405552,3.5219183541070045,signal_change
5180,5181,long,2464.98,2447.92,2.533533978434803,-43.2220896720976,1518.0555568684576,-8.64441793441952,signal_change
5181,5182,short,2447.92,2456.24,2.4805640002425857,-20.638292482017594,1497.4172643864401,-4.1276584964035195,signal_change
5182,5185,long,2456.24,2514.01,2.4385520378895227,140.87515122887876,1638.292415615319,28.17503024577575,signal_change
5185,5188,short,2514.01,2511.93,2.6066601415512567,5.42185309442761,1643.7142687097466,1.0843706188855222,signal_change
5188,5189,long,2511.93,2517.91,2.6174523473341162,15.652365037058063,1659.3666337468046,3.1304730074116125,signal_change
5189,5192,short,2517.91,2521.09,2.6361015822595797,-8.382803031586231,1650.9838307152183,-1.6765606063172462,signal_change
5192,5194,long,2521.09,2499.46,2.619476227687577,-56.65927080488258,1594.3245599103357,-11.331854160976516,signal_change
5194,5195,short,2499.46,2492.86,2.5514704134658457,16.83970472887435,1611.16426463921,3.36794094577487,signal_change
5195,5196,long,2492.86,2495.44,2.585246286817888,6.669935419989962,1617.8342000592,1.3339870839979922,signal_change
5196,5198,short,2495.44,2497.61,2.5932648351540406,-5.6273846922844575,1612.2068153669154,-1.1254769384568915,signal_change
5198,5200,long,2497.61,2516.54,2.5819992959139584,48.87724667165081,1661.0840620385661,9.775449334330162,signal_change
5200,5201,short,2516.54,2511.35,2.640266496123354,13.702983114880352,1674.7870451534466,2.7405966229760703,signal_change
5201,5204,long,2511.35,2582.42,2.667548601594277,189.5826791153057,1864.3697242687522,37.91653582306114,signal_change
5204,5205,short,2582.42,2569.45,2.8877869971093038,37.45459735250841,1901.8243216212607,7.490919470501682,signal_change
5205,5207,long,2569.45,2586.61,2.9606714613964247,50.80512227756356,1952.6294438988243,10.161024455512713,signal_change
5207,5208,short,2586.61,2622.26,3.019596218832873,-107.64860520139219,1844.980838697432,-21.52972104027844,signal_change
5208,5209,long,2622.26,2628.39,2.8143370050222813,17.251885840785615,1862.2327245382178,3.4503771681571234,signal_change
5209,5211,short,2628.39,2657.02,2.8340280164484235,-81.13822211091866,1781.0945024272992,-16.227644422183733,signal_change
5211,5218,long,2657.02,2653.57,2.6813415065408606,-9.25062819756548,1771.8438742297337,-1.850125639513096,signal_change
5218,5219,short,2653.57,2642.51,2.6708831863937768,29.53996804151503,1801.3838422712488,5.9079936083030065,signal_change
5219,5221,long,2642.51,2607.68,2.7267769541401905,-94.97364131270388,1706.410200958545,-18.994728262540775,signal_change
5221,5224,short,2607.68,2648.52,2.617514727203561,-106.8993014589938,1599.5108994995512,-21.37986029179876,signal_change
5224,5225,long,2648.52,2662.64,2.4157052232938416,34.10975775290878,1633.62065725246,6.821951550581755,signal_change
5225,5227,short,2662.64,2692.83,2.4541367323445304,-74.09038794948151,1559.5302693029785,-14.818077589896303,signal_change
5227,5229,long,2692.83,2719.5,2.3165669861119764,61.78284151960658,1621.313110822585,12.356568303921316,signal_change
5229,5230,short,2719.5,2748.81,2.3847223545836886,-69.89621221284779,1551.4168986097372,-13.979242442569555,signal_change
5230,5231,long,2748.81,2715.57,2.2575833158490215,-75.04206941882099,1476.3748291909162,-15.008413883764197,signal_change
5231,5233,short,2715.57,2747.39,2.174681306968211,-69.19835918772785,1407.1764700031883,-13.83967183754557,signal_change
5233,5234,long,2747.39,2742.24,2.0487465849452584,-10.551044912468267,1396.62542509072,-2.110208982493653,signal_change
5234,5235,short,2742.24,2774.44,2.037203782441683,-65.59796179462273,1331.0274632960973,-13.119592358924548,signal_change
5235,5236,long,2774.44,2787.21,1.9189854000030238,24.50544355803858,1355.532906854136,4.9010887116077155,signal_change
5236,5237,short,2787.21,2743.77,1.945361715628368,84.50651292689642,1440.0394197810324,16.901302585379284,signal_change
5237,5239,long,2743.77,2736.46,2.0993587943319336,-15.34631278656632,1424.693106994466,-3.069262557313264,signal_change
5239,5240,short,2736.46,2743.72,2.082534525619912,-15.119200656000068,1409.573906338466,-3.0238401312000134,signal_change
5240,5241,long,2743.72,2658.94,2.054982150275489,-174.22138670035542,1235.3525196381106,-34.84427734007108,stop_loss
5242,5244,long,2706.24,2619.3,1.825931949329122,-158.74652367467314,1076.6059959634374,-31.74930473493463,stop_loss
5245,5250,long,2597.98,2632.11,1.657604748248158,56.57405005770981,1133.1800460211473,11.314810011541962,signal_change
5250,5253,short,2632.11,2715.34,1.7220861529664753,-143.32923051139977,989.8508155097475,-28.66584610227995,stop_loss
5254,5260,long,2625.46,2643.5,1.5080798267880637,27.205760075256613,1017.0565755850041,5.441152015051323,signal_change
5260,5264,short,2643.5,2660.18,1.5389545308643908,-25.669761574817784,991.3868140101863,-5.133952314963556,signal_change
5264,5266,long,2660.18,2717.95,1.4907063642463088,86.11810666250923,1077.5049206726956,17.223621332501846,signal_change
5266,5267,short,2717.95,2680.55,1.5857612107252828,59.307469281125016,1136.8123899538207,11.861493856225003,signal_change
5267,5269,long,2680.55,2652.62,1.6963867713026366,-47.38008252248313,1089.4323074313374,-9.476016504496625,signal_change
5269,5270,short,2652.62,2646.4,1.6428019202619863,10.218227944029227,1099.6505353753666,2.043645588805845,signal_change
5270,5271,long,2646.4,2585.31,1.6621078225141575,-101.53816687739014,998.1123684979765,-20.30763337547803,stop_loss
5272,5275,long,2594.39,2616.59,1.5388779150366394,34.16308971381381,1032.2754582117902,6.832617942762763,signal_change
5275,5276,short,2616.59,2633.53,1.5780469362212501,-26.73211509958806,1005.5433431122021,-5.346423019917612,signal_change
5276,5279,long,2633.53,2624.61,1.5272935460954722,-13.623458431171724,991.9198846810305,-2.7246916862343444,signal_change
5279,5281,short,2624.61,2639.98,1.5117215657656269,-23.23516046581752,968.6847242152129,-4.647032093163504,signal_change
5281,5285,long,2639.98,2670.34,1.4677152466537065,44.55983488840671,1013.2445591036196,8.911966977681342,signal_change
5285,5292,short,2670.34,2706.7,1.5177761020748213,-55.18633907144,958.0582200321796,-11.037267814288,signal_change
5292,5294,long,2706.7,2756.18,1.415832149897927,70.05537477694945,1028.1135948091292,14.01107495538989,signal_change
5294,5296,short,2756.18,2771.48,1.4920848345305884,-22.82889796831827,1005.2846968408109,-4.565779593663654,signal_change
5296,5297,long,2771.48,2740.7,1.4508994426671826,-44.65868484529617,960.6260119955147,-8.931736969059234,signal_change
5297,5299,short,2740.7,2759.68,1.4020155609815226,-26.610255347429323,934.0157566480854,-5.322051069485865,signal_change
5299,5303,long,2759.68,2842.01,1.3538029867927952,111.45859990265134,1045.4743565507367,22.29171998053027,signal_change
5303,5304,short,2842.01,2867.02,1.4714576747453199,-36.80115644538011,1008.6732001053566,-7.3602312890760215,signal_change
5304,5308,long,2867.02,2896.92,1.407277521754793,42.07759790046844,1050.7507980058251,8.415519580093687,signal_change
5308,5310,short,2896.92,2927.57,1.4508523507805877,-44.46862455142515,1006.2821734544,-8.89372491028503,signal_change
5310,5311,long,2927.57,2882.21,1.3749043383480497,-62.36566078746771,943.9165126669322,-12.473132157493543,signal_change
5311,5312,short,2882.21,2898.74,1.3099899211604042,-21.654133396781152,922.2623792701511,-4.33082667935623,signal_change
5312,5314,long,2898.74,2932.57,1.27263898006741,43.053376695680974,965.3157559658321,8.610675339136195,signal_change
5314,5315,short,2932.57,2938.87,1.3166823038711193,-8.295098514387691,957.0206574514443,-1.6590197028775382,signal_change
5315,5316,long,2938.87,2935.28,1.3025695691901231,-4.67622475339214,952.3444326980522,-0.9352449506784279,signal_change
5316,5321,short,2935.28,2857.19,1.2977902383391733,101.34443971190623,1053.6888724099583,20.268887942381248,signal_change
5321,5323,long,2857.19,2917.46,1.475140081562596,88.90669271577762,1142.595565125736,17.781338543155524,signal_change
5323,5327,short,2917.46,2888.32,1.56656209871016,45.64961955641387,1188.2451846821498,9.129923911282773,signal_change
5327,5328,long,2888.32,2915.05,1.6455866173860925,43.986530282730286,1232.23171496488,8.797306056546057,signal_change
5328,5330,short,2915.05,2988.21,1.690854997293192,-123.70295160196969,1108.5287633629102,-24.740590320393938,stop_loss
5331,5333,short,2984.13,3034.23,1.485898755567499,-74.44352765393157,1034.0852357089786,-14.888705530786314,signal_change
5333,5334,long,3034.23,3046.81,1.3632259066833807,17.149381906076833,1051.2346176150554,3.4298763812153665,signal_change
5334,5336,short,3046.81,3023.43,1.3801118121773992,32.267014168707746,1083.501631783763,6.453402833741549,signal_change
5336,5339,long,3023.43,3019.0,1.433473415007145,-6.3502872284814185,1077.1513445552816,-1.2700574456962836,signal_change
5339,5340,short,3019.0,3055.91,1.427163093150423,-52.676589768181906,1024.4747547870998,-10.53531795363638,signal_change
5340,5342,long,3055.91,3122.89,1.340975034980873,89.81850784301889,1114.2932626301185,17.963701568603778,signal_change
5342,5343,short,3122.89,3113.83,1.4272590614848664,12.930967097052811,1127.2242297271714,2.5861934194105625,signal_change
5343,5344,long,3113.83,3135.72,1.4480228268430473,31.69721967959412,1158.9214494067655,6.339443935918824,signal_change
5344,5345,short,3135.72,3114.26,1.4783481298161387,31.72535086585372,1190.6468002726192,6.345070173170744,signal_change
5345,5346,long,3114.26,3037.86,1.5292837467297131,-116.83727825015022,1073.809522022469,-23.367455650030045,stop_loss
5347,5348,long,2980.77,2982.79,1.440982728653964,2.9107851118809815,1076.7203071343502,0.5821570223761963,signal_change
5348,5349,short,2982.79,3082.67,1.4439103083144977,-144.21776159445218,932.5025455398979,-28.843552318890435,stop_loss
5350,5351,short,3175.2,3236.91,1.1747323576970243,-72.49273379348342,860.0098117464145,-14.498546758696683,signal_change
5351,5354,long,3236.91,3343.11,1.06275406081283,112.86448125832284,972.8742930047373,22.572896251664567,signal_change
5354,5355,short,3343.11,3327.05,1.1640350368426253,18.694402691692495,991.5686956964298,3.7388805383384986,signal_change
5355,5358,long,3327.05,3288.13,1.192129599130076,-46.39768399814265,945.1710116982872,-9.279536799628529,signal_change
5358,5359,short,3288.13,3349.57,1.1497976195567536,-70.643565745567,874.5274459527202,-14.1287131491134,signal_change
5359,5361,long,3349.57,3343.69,1.0443459261370507,-6.140754045685972,868.3866919070342,-1.2281508091371942,signal_change
5361,5362,short,3343.69,3316.95,1.0388363657002104,27.778484418823872,896.165176325858,5.555696883764774,signal_change
5362,5363,long,3316.95,3288.0,1.080709900753232,-31.28655162680587,864.8786246990522,-6.257310325361175,signal_change
5363,5367,short,3288.0,3431.48,1.0521637770061465,-150.96445872484193,713.9141659742103,-30.192891744968385,stop_loss
5368,5369,long,3364.32,3305.2,0.8488064940008206,-50.18143992532881,663.7327260488814,-10.036287985065762,signal_change
5369,5370,short,3305.2,3323.96,0.8032587753223787,-15.069134625048001,648.6635914238334,-3.0138269250096004,signal_change
5370,5371,long,3323.96,3235.67,0.7805913325356905,-68.91840874957609,579.7451826742573,-13.783681749915216,stop_loss
5372,5373,long,3249.64,3177.06,0.7136115787278066,-51.793928384064145,527.9512542901932,-10.358785676812829,stop_loss
5374,5375,short,3239.85,3201.69,0.6518218489006506,24.873521754048735,552.824776044242,4.9747043508097475,signal_change
5375,5377,long,3201.69,3289.82,0.69066621196211,60.86841326022082,613.6931893044627,12.173682652044164,signal_change
5377,5379,short,3289.82,3294.63,0.7461723611680429,-3.5890890572182457,610.1041002472446,-0.7178178114436491,signal_change
5379,5380,long,3294.63,3357.37,0.7407254838901419,46.47311685926734,656.5772171065119,9.294623371853469,signal_change
5380,5381,short,3357.37,3342.18,0.7822518424916073,11.882405487447558,668.4596225939595,2.3764810974895116,signal_change
5381,5387,long,3342.18,3352.91,0.8000282720786547,8.584303359403979,677.0439259533634,1.7168606718807957,signal_change
5387,5390,short,3352.91,3368.94,0.8077090359757506,-12.947575846691443,664.096350106672,-2.5895151693382883,end_of_data
